"RK",TIERS,"PLAYER NAME",TEAM,"POS","BYE WEEK","STRENGTH OF SCHEDULE ","ECR VS. ADP","AVG. POINTS ","% GAMES "
"1",1,"Justin Jefferson",MIN,"WR1","13","4.0","0","+1.4","56% (9/16)"
"2",1,"Christian McCaffrey",SF,"RB1","9","6.8","0","+1.1","50% (8/16)"
"3",1,"Ja'Marr Chase",CIN,"WR2","7","5.6","0","-1.2","33% (4/12)"
"4",1,"Austin Ekeler",LAC,"RB2","5","4.4","0","+0.4","47% (8/17)"
"5",1,"Tyreek Hill",MIA,"WR3","10","4.2","0","+1.0","50% (8/16)"
"6",2,"Bijan Robinson",ATL,"RB3","11","5.2","+1","-","-"
"7",2,"Nick Chubb",CLE,"RB4","5","3.2","+1","+0.4","50% (8/16)"
"8",2,"Saquon Barkley",NYG,"RB5","13","3.0","+1","-1.1","37% (6/16)"
"9",2,"Stefon Diggs",BUF,"WR4","13","1.0","+1","-0.9","43% (7/16)"
"10",2,"Tony Pollard",DAL,"RB6","7","4.4","+3","+3.2","60% (9/15)"
"11",2,"CeeDee Lamb",DAL,"WR5","7","2.8","0","+0.7","50% (8/16)"
"12",2,"Travis Kelce",KC,"TE1","10","7.8","-6","-0.2","47% (8/17)"
"13",2,"A.J. Brown",PHI,"WR6","10","5.0","-1","+0.6","50% (8/16)"
"14",2,"Amon-Ra St. Brown",DET,"WR7","9","4.4","+6","-0.4","33% (5/15)"
"15",2,"Davante Adams",LV,"WR8","13","1.8","+3","+0.5","43% (7/16)"
"16",2,"Derrick Henry",TEN,"RB7","7","7.4","0","+1.3","53% (8/15)"
"17",3,"Garrett Wilson",NYJ,"WR9","7","3.6","+2","-0.4","31% (5/16)"
"18",3,"Josh Jacobs",LV,"RB8","13","4.4","-1","+2.8","56% (9/16)"
"19",3,"Jaylen Waddle",MIA,"WR10","10","4.4","+4","+0.3","50% (8/16)"
"20",3,"Chris Olave",NO,"WR11","11","9.0","+4","-0.5","35% (5/14)"
"21",3,"Rhamondre Stevenson",NE,"RB9","11","2.8","+8","-0.9","50% (8/16)"
"22",3,"Joe Mixon",CIN,"RB10","7","5.0","+9","-1.4","35% (5/14)"
"23",4,"DeVonta Smith",PHI,"WR12","10","5.2","+3","+1.7","62% (10/16)"
"24",4,"Tee Higgins",CIN,"WR13","7","6.0","+6","-1.3","37% (6/16)"
"25",4,"Patrick Mahomes II",KC,"QB1","10","5.0","-11","+1.4","64% (11/17)"
"26",4,"Josh Allen",BUF,"QB2","13","4.2","-5","-0.4","43% (7/16)"
"27",4,"Jalen Hurts",PHI,"QB3","10","4.0","-5","+3.2","71% (10/14)"
"28",4,"Mark Andrews",BAL,"TE2","13","6.0","0","-2.7","33% (5/15)"
"29",4,"Najee Harris",PIT,"RB11","6","5.6","-4","0.0","43% (7/16)"
"30",4,"Jahmyr Gibbs",DET,"RB12","9","8.8","+2","-","-"
"31",4,"Cooper Kupp",LAR,"WR14","10","4.4","-16","0.0","66% (6/9)"
"32",4,"Travis Etienne Jr.",JAC,"RB13","9","2.8","-5","-0.8","56% (9/16)"
"33",4,"DK Metcalf",SEA,"WR15","5","6.8","+2","-1.9","43% (7/16)"
"34",4,"Calvin Ridley",JAC,"WR16","9","8.6","-1","-","-"
"35",4,"Keenan Allen",LAC,"WR17","5","4.6","+8","-2.0","50% (5/10)"
"36",4,"Aaron Jones",GB,"RB14","6","7.2","+1","-0.8","43% (7/16)"
"37",4,"Amari Cooper",CLE,"WR18","5","5.6","+2","+0.5","43% (7/16)"
"38",5,"Deebo Samuel",SF,"WR19","9","6.8","0","-2.8","25% (3/12)"
"39",5,"Lamar Jackson",BAL,"QB4","13","5.0","-5","-2.5","25% (3/12)"
"40",5,"Kenneth Walker III",SEA,"RB15","5","3.6","+1","+1.1","42% (6/14)"
"41",5,"DJ Moore",CHI,"WR20","13","4.4","+10","-1.0","37% (6/16)"
"42",5,"Dameon Pierce",HOU,"RB16","7","4.0","-2","-1.3","38% (5/13)"
"43",5,"Breece Hall",NYJ,"RB17","7","4.6","-1","+4.9","83% (5/6)"
"44",5,"Joe Burrow",CIN,"QB5","7","4.6","-8","+2.9","56% (9/16)"
"45",5,"Alexander Mattison",MIN,"RB18","13","8.0","+7","-0.3","37% (6/16)"
"46",5,"DeAndre Hopkins",TEN,"WR21","7","5.6","+9","-0.9","33% (3/9)"
"47",5,"Miles Sanders",CAR,"RB19","7","5.6","+2","+0.7","43% (7/16)"
"48",5,"J.K. Dobbins",BAL,"RB20","13","5.0","0","-0.2","37% (3/8)"
"49",5,"Christian Watson",GB,"WR22","6","5.2","+11","+2.6","46% (6/13)"
"50",5,"Justin Herbert",LAC,"QB6","5","4.8","-6","-3.7","35% (6/17)"
"51",5,"Justin Fields",CHI,"QB7","13","7.8","-5","+2.8","66% (10/15)"
"52",5,"Drake London",ATL,"WR23","11","5.2","+6","-1.2","43% (7/16)"
"53",5,"T.J. Hockenson",MIN,"TE3","13","4.8","-8","+0.6","37% (6/16)"
"54",5,"Brandon Aiyuk",SF,"WR24","9","6.4","+11","+1.3","50% (8/16)"
"55",5,"Tyler Lockett",SEA,"WR25","5","5.0","+6","+0.1","53% (8/15)"
"56",5,"Cam Akers",MIN,"RB21","13","4.4","+1","+0.9","42% (6/14)"
"57",5,"Darren Waller",NYG,"TE4","13","1.8","-4","-1.4","37% (3/8)"
"58",5,"Chris Godwin",TB,"WR26","5","6.8","+9","-0.4","35% (5/14)"
"59",5,"Mike Williams",LAC,"WR27","5","4.8","+10","-1.0","50% (6/12)"
"60",5,"Terry McLaurin",WAS,"WR28","14","3.6","-4","-1.2","43% (7/16)"
"61",5,"Diontae Johnson",PIT,"WR29","6","4.8","+14","-2.3","18% (3/16)"
"62",6,"James Conner",ARI,"RB22","14","5.2","-3","+0.7","53% (7/13)"
"63",6,"Rachaad White",TB,"RB23","5","5.8","+7","-0.1","37% (6/16)"
"64",6,"James Cook",BUF,"RB24","13","2.6","-2","+1.4","56% (9/16)"
"65",6,"Trevor Lawrence",JAC,"QB8","9","5.4","-11","+1.9","56% (9/16)"
"66",6,"Christian Kirk",JAC,"WR30","9","8.8","+8","-0.8","37% (6/16)"
"67",6,"David Montgomery",DET,"RB25","9","8.2","+9","-1.4","40% (6/15)"
"68",6,"Javonte Williams",DEN,"RB26","9","6.6","-4","-2.8","33% (1/3)"
"69",6,"Mike Evans",TB,"WR31","5","7.8","+10","-0.4","40% (6/15)"
"70",6,"George Kittle",SF,"TE5","9","5.0","-20","+0.4","35% (5/14)"
"71",6,"Alvin Kamara",NO,"RB27","11","7.0","0","-2.9","21% (3/14)"
"72",6,"Jahan Dotson",WAS,"WR32","14","4.2","+13","+2.8","54% (6/11)"
"73",6,"Jonathan Taylor",IND,"RB28","11","4.8","-26","-5.1","27% (3/11)"
"74",6,"Dallas Goedert",PHI,"TE6","10","3.8","-11","+0.2","45% (5/11)"
"75",6,"Michael Pittman Jr.",IND,"WR33","11","6.4","+5","-1.6","33% (5/15)"
"76",6,"George Pickens",PIT,"WR34","6","6.2","+1","-0.3","56% (9/16)"
"77",6,"Isiah Pacheco",KC,"RB29","10","6.6","-5","-0.5","41% (7/17)"
"78",6,"Jerry Jeudy",DEN,"WR35","9","3.6","0","+0.3","50% (7/14)"
"79",6,"Marquise Brown",ARI,"WR36","14","6.0","+7","-0.5","27% (3/11)"
"80",6,"Kyle Pitts",ATL,"TE7","11","3.0","-14","-2.4","30% (3/10)"
"81",6,"D'Andre Swift",PHI,"RB30","10","2.2","-8","+1.3","46% (6/13)"
"82",6,"Dalvin Cook",NYJ,"RB31","7","8.0","-14","-2.0","31% (5/16)"
"83",7,"Gabe Davis",BUF,"WR37","13","1.0","+13","-0.9","33% (5/15)"
"84",7,"Jordan Addison",MIN,"WR38","13","4.2","+5","-","-"
"85",7,"Khalil Herbert",CHI,"RB32","13","8.2","+2","+2.3","41% (5/12)"
"86",7,"Courtland Sutton",DEN,"WR39","9","3.6","+17","-3.1","28% (4/14)"
"87",7,"Jaxon Smith-Njigba",SEA,"WR40","5","6.2","+7","-","-"
"88",7,"Brandin Cooks",DAL,"WR41","7","2.2","+9","-2.9","16% (2/12)"
"89",7,"Brian Robinson Jr.",WAS,"RB33","14","5.2","+6","-0.2","41% (5/12)"
"90",7,"Antonio Gibson",WAS,"RB34","14","4.4","0","-0.3","33% (5/15)"
"91",7,"AJ Dillon",GB,"RB35","6","7.2","-3","+0.8","31% (5/16)"
"92",7,"Zay Flowers",BAL,"WR42","13","4.8","+14","-","-"
"93",7,"Daniel Jones",NYG,"QB9","13","1.4","+11","+2.2","62% (10/16)"
"94",7,"Deshaun Watson",CLE,"QB10","5","4.0","-10","-2.4","40% (2/5)"
"95",7,"Treylon Burks",TEN,"WR43","7","5.6","+21","-0.4","40% (4/10)"
"96",7,"Dak Prescott",DAL,"QB11","7","3.4","-13","+0.7","54% (6/11)"
"97",7,"Pat Freiermuth",PIT,"TE8","6","6.8","-16","-1.1","46% (7/15)"
"98",7,"Evan Engram",JAC,"TE9","9","2.2","-16","+1.6","56% (9/16)"
"99",7,"Elijah Moore",CLE,"WR44","5","5.4","+14","-2.2","13% (2/15)"
"100",7,"Samaje Perine",DEN,"RB36","9","6.8","+9","+1.8","50% (8/16)"
"101",7,"Michael Thomas",NO,"WR45","11","8.8","+1","+4.2","66% (2/3)"
"102",7,"Tua Tagovailoa",MIA,"QB12","10","2.2","-9","+0.1","38% (5/13)"
"103",7,"Skyy Moore",KC,"WR46","10","1.4","+14","-1.4","31% (5/16)"
"104",7,"David Njoku",CLE,"TE10","5","4.4","-12","+0.6","38% (5/13)"
"105",7,"Kirk Cousins",MIN,"QB13","13","6.4","+5","+1.0","50% (8/16)"
"106",7,"Zach Charbonnet",SEA,"RB37","5","3.4","-5","-","-"
"107",7,"Geno Smith",SEA,"QB14","5","3.2","+11","+1.4","62% (10/16)"
"108",7,"JuJu Smith-Schuster",NE,"WR47","11","2.6","+14","-2.5","31% (5/16)"
"109",7,"Jamaal Williams",NO,"RB38","11","7.0","-11","+2.2","50% (8/16)"
"110",7,"Raheem Mostert",MIA,"RB39","10","1.6","+4","-0.4","46% (7/15)"
"111",8,"Rashod Bateman",BAL,"WR48","13","6.4","+20","-1.9","33% (2/6)"
"112",8,"Anthony Richardson",IND,"QB15","11","5.4","-1","-","-"
"113",8,"Jakobi Meyers",LV,"WR49","13","2.0","+51","+0.7","38% (5/13)"
"114",8,"Quentin Johnston",LAC,"WR50","5","4.4","+19","-","-"
"115",8,"Jerick McKinnon",KC,"RB40","10","7.2","+9","+2.6","58% (10/17)"
"116",8,"Kadarius Toney",KC,"WR51","10","1.4","-1","-2.2","33% (3/9)"
"117",8,"Nico Collins",HOU,"WR52","7","6.8","+39","+0.3","50% (5/10)"
"118",8,"Jaylen Warren",PIT,"RB41","6","5.2","+12","+0.8","40% (6/15)"
"119",8,"Rashaad Penny",PHI,"RB42","10","1.0","-12","+0.3","25% (1/4)"
"120",8,"Tyler Higbee",LAR,"TE11","10","1.6","+23","-0.9","31% (5/16)"
"121",8,"Allen Lazard",NYJ,"WR53","7","4.6","+14","-0.9","42% (6/14)"
"122",8,"Damien Harris",BUF,"RB43","13","1.2","-2","-0.8","50% (5/10)"
"123",8,"Dalton Schultz",HOU,"TE12","7","4.2","+11","-0.7","50% (7/14)"
"124",8,"De'Von Achane",MIA,"RB44","10","1.8","+3","-","-"
"125",8,"Odell Beckham Jr.",BAL,"WR54","13","4.8","-13","-","-"
"126",8,"Aaron Rodgers",NYJ,"QB16","7","4.0","-26","-2.1","25% (4/16)"
"127",8,"Romeo Doubs",GB,"WR55","6","5.6","+21","-0.8","50% (6/12)"
"128",8,"Elijah Mitchell",SF,"RB45","9","6.8","-2","-1.4","25% (1/4)"
"129",8,"Tyler Allgeier",ATL,"RB46","11","5.2","+16","+2.2","53% (8/15)"
"130",8,"Tank Bigsby",JAC,"RB47","9","3.0","+7","-","-"
"131",8,"Chigoziem Okonkwo",TEN,"TE13","7","5.2","+11","+1.1","50% (8/16)"
"132",8,"Tyler Boyd",CIN,"WR56","7","6.2","+29","+0.4","50% (8/16)"
"133",8,"Kenneth Gainwell",PHI,"RB48","10","2.0","+11","-0.2","37% (6/16)"
"134",8,"Ezekiel Elliott",NE,"RB49","11","-","-11","+1.1","64% (9/14)"
"135",8,"Jared Goff",DET,"QB17","9","6.6","+4","+1.6","56% (9/16)"
"136",8,"Dalton Kincaid",BUF,"TE14","13","6.2","-17","-","-"
"137",8,"Zay Jones",JAC,"WR57","9","8.2","+38","+2.3","46% (7/15)"
"138",8,"Adam Thielen",CAR,"WR58","7","6.6","0","-0.9","37% (6/16)"
"139",8,"Darnell Mooney",CHI,"WR59","13","5.4","+40","-1.9","41% (5/12)"
"140",8,"Russell Wilson",DEN,"QB18","9","7.6","+22","-1.1","28% (4/14)"
"141",8,"Cole Kmet",CHI,"TE15","13","7.0","0","+0.4","31% (5/16)"
"142",9,"Gerald Everett",LAC,"TE16","5","7.8","+49","-1.6","37% (6/16)"
"143",9,"Greg Dulcich",DEN,"TE17","9","7.2","+9","-0.1","44% (4/9)"
"144",9,"Jameson Williams",DET,"WR60","9","5.0","+7","-1.0","40% (2/5)"
"145",9,"Juwan Johnson",NO,"TE18","11","8.8","+35","+2.4","60% (9/15)"
"146",9,"Devin Singletary",HOU,"RB50","7","4.2","+7","-0.2","43% (7/16)"
"147",9,"Rondale Moore",ARI,"WR61","14","4.2","+66","0.0","50% (4/8)"
"148",9,"Michael Gallup",DAL,"WR62","7","2.0","+35","-1.1","30% (4/13)"
"149",9,"Van Jefferson",ATL,"WR63","11","4.4","+69","-0.7","40% (4/10)"
"150",9,"Sam LaPorta",DET,"TE19","9","5.2","+9","-","-"
"151",9,"DJ Chark Jr.",CAR,"WR64","7","6.0","+50","+0.2","50% (5/10)"
"152",9,"Roschon Johnson",CHI,"RB51","13","8.6","+8","-","-"
"153",9,"Derek Carr",NO,"QB19","11","8.8","+14","-1.4","40% (6/15)"
"154",9,"Kenny Pickett",PIT,"QB20","6","3.6","-7","-1.2","26% (4/15)"
"155",9,"Marvin Mims Jr.",DEN,"WR65","9","3.0","+18","-","-"
"156",9,"Donovan Peoples-Jones",DET,"WR66","9","5.4","+58","+1.0","75% (12/16)"
"157",9,"Jonathan Mingo",CAR,"WR67","7","7.0","+59","-","-"
"158",9,"Chuba Hubbard",CAR,"RB52","7","5.6","+13","+1.0","50% (7/14)"
"159",9,"K.J. Osborn",MIN,"WR68","13","3.4","+62","+1.6","43% (7/16)"
"160",9,"Kendre Miller",NO,"RB53","11","6.8","+10","-","-"
"161",9,"Jayden Reed",GB,"WR69","6","5.4","+68","-","-"
"162",9,"Jordan Love",GB,"QB21","6","9.6","+1","0.0","14% (2/14)"
"163",9,"Brock Purdy",SF,"QB22","9","4.4","-9","+1.0","41% (5/12)"
"164",9,"Curtis Samuel",WAS,"WR70","14","5.6","+87","0.0","50% (8/16)"
"165",9,"Matthew Stafford",LAR,"QB23","10","2.0","+24","-3.7","33% (3/9)"
"166",9,"Alec Pierce",IND,"WR71","11","7.2","+61","-0.4","40% (6/15)"
"167",9,"Gus Edwards",BAL,"RB54","13","5.0","+28","+0.5","50% (4/8)"
"168",9,"Isaiah Hodgins",NYG,"WR72","13","4.4","+73","+4.0","55% (5/9)"
"169",9,"D'Onta Foreman",CHI,"RB55","13","8.6","-11","+0.1","37% (6/16)"
"170",9,"Jeff Wilson Jr.",MIA,"RB56","10","1.8","+62","-0.1","60% (9/15)"
"171",9,"Irv Smith Jr.",CIN,"TE20","7","6.2","+22","-0.5","42% (3/7)"
"172",9,"Rashid Shaheed",NO,"WR73","11","9.6","+83","+3.6","72% (8/11)"
"173",9,"Tyjae Spears",TEN,"RB57","7","7.4","+5","-","-"
"174",9,"Marquez Valdes-Scantling",KC,"WR74","10","2.0","+57","-2.1","35% (6/17)"
"175",9,"Sam Howell",WAS,"QB24","14","1.6","+19","-0.3","0% (0/3)"
"176",10,"DeVante Parker",NE,"WR75","11","1.8","+80","-1.4","41% (5/12)"
"177",10,"San Francisco 49ers",SF,"DST1","9","-","-86","+1.8","56% (9/16)"
"178",10,"Clyde Edwards-Helaire",KC,"RB58","10","6.8","+4","-0.7","45% (5/11)"
"179",10,"Hunter Henry",NE,"TE21","11","2.2","+51","-0.8","37% (6/16)"
"180",10,"Darius Slayton",NYG,"WR76","13","4.4","+106","-0.1","46% (7/15)"
"181",10,"Dallas Cowboys",DAL,"DST2","7","-","-76","+2.4","56% (9/16)"
"182",10,"Jerome Ford",CLE,"RB59","5","3.4","+54","-1.6","0% (0/10)"
"183",10,"Hayden Hurst",CAR,"TE22","7","4.4","+22","-0.2","38% (5/13)"
"184",10,"Rashee Rice",KC,"WR77","10","1.2","-18","-","-"
"185",10,"Philadelphia Eagles",PHI,"DST3","10","-","-86","+1.9","62% (10/16)"
"186",10,"Parris Campbell",NYG,"WR78","13","5.0","+53","+0.2","43% (7/16)"
"187",10,"Buffalo Bills",BUF,"DST4","13","-","-66","+1.0","50% (8/16)"
"188",10,"Hunter Renfrow",LV,"WR79","13","1.4","+64","-2.7","10% (1/10)"
"189",10,"Bryce Young",CAR,"QB25","7","7.0","-32","-","-"
"190",10,"Justin Tucker",BAL,"K1","13","-","-82","+1.7","75% (12/16)"
"191",10,"Dawson Knox",BUF,"TE23","13","5.8","+7","-0.2","46% (7/15)"
"192",10,"Zamir White",LV,"RB60","13","5.0","+5","-1.4","18% (2/11)"
"193",10,"Robert Woods",HOU,"WR80","7","7.4","+67","-2.4","37% (6/16)"
"194",10,"Jalin Hyatt",NYG,"WR81","13","4.4","-39","-","-"
"195",10,"New York Jets",NYJ,"DST5","7","-","-67","+0.7","43% (7/16)"
"196",10,"Tyler Bass",BUF,"K2","13","-","-67","+0.3","50% (8/16)"
"197",10,"New England Patriots",NE,"DST6","11","-","-57","+4.3","68% (11/16)"
"198",10,"Luke Musgrave",GB,"TE24","6","7.4","-22","-","-"
"199",10,"Joshua Kelley",LAC,"RB61","5","4.4","+25","+1.2","58% (7/12)"
"200",10,"Ryan Tannehill",TEN,"QB26","7","6.8","+33","-0.6","41% (5/12)"
"201",10,"Harrison Butker",KC,"K3","10","-","-65","-1.2","38% (5/13)"
"202",10,"Joshua Palmer",LAC,"WR82","5","4.8","+83","-0.5","31% (5/16)"
"203",10,"Cordarrelle Patterson",ATL,"RB62","11","5.2","-18","+0.7","50% (6/12)"
"204",10,"Baltimore Ravens",BAL,"DST7","13","-","-58","+1.5","50% (8/16)"
"205",10,"Jake Ferguson",DAL,"TE25","7","4.2","+3","+0.3","33% (5/15)"
"206",10,"Evan McPherson",CIN,"K4","7","-","-74","-0.1","43% (7/16)"
"207",10,"Chase Claypool",MIA,"WR83","10","4.0","+90","-1.6","28% (4/14)"
"208",10,"Daniel Carlson",LV,"K5","13","-","-83","+1.6","68% (11/16)"
"209",10,"Trey McBride",ARI,"TE26","14","1.2","+63","+0.3","33% (5/15)"
"210",10,"Denver Broncos",DEN,"DST8","9","-","-36","-0.7","43% (7/16)"
"211",10,"Mike Gesicki",NE,"TE27","11","2.2","0","-0.3","25% (4/16)"
"212",10,"Ty Chandler",MIN,"RB63","13","7.8","+11","-1.7","0% (0/6)"
"213",10,"New Orleans Saints",NO,"DST9","11","-","-27","-0.3","25% (4/16)"
"214",10,"Wan'Dale Robinson",NYG,"WR84","13","5.0","+48","+0.2","50% (3/6)"
"215",10,"Pittsburgh Steelers",PIT,"DST10","6","-","-25","-0.6","31% (5/16)"
"216",10,"John Metchie III",HOU,"WR85","7","7.2","+38","-","-"
"217",10,"Mecole Hardman Jr.",KC,"WR86","10","3.8","+82","+2.5","55% (5/9)"
"218",10,"Kansas City Chiefs",KC,"DST11","10","-","-6","-0.7","47% (8/17)"
"219",10,"Taysom Hill",NO,"TE28","11","8.0","-27","+6.9","80% (12/15)"
"220",10,"Zack Moss",IND,"RB64","11","4.6","+5","-1.2","25% (3/12)"
"221",10,"Noah Fant",SEA,"TE29","5","3.6","+61","+0.1","43% (7/16)"
"222",10,"Younghoe Koo",ATL,"K6","11","-","-73","+1.2","56% (9/16)"
"223",10,"Allen Robinson II",PIT,"WR87","6","5.2","+83","-1.4","40% (4/10)"
"224",10,"Josh Downs",IND,"WR88","11","7.0","+39","-","-"
"225",10,"Kyren Williams",LAR,"RB65","10","4.0","+32","-1.6","33% (3/9)"
"226",10,"Miami Dolphins",MIA,"DST12","10","-","-61","-0.6","43% (7/16)"
"227",11,"Evan Hull",IND,"RB66","11","4.4","+10","-","-"
"228",11,"Jimmy Garoppolo",LV,"QB27","13","6.2","-59","+2.5","54% (6/11)"
"229",11,"Cincinnati Bengals",CIN,"DST13","7","-","-10","-0.8","43% (7/16)"
"230",11,"C.J. Stroud",HOU,"QB28","7","6.0","-62","-","-"
"231",11,"Mac Jones",NE,"QB29","11","3.4","-43","-1.6","30% (4/13)"
"232",11,"Michael Mayer",LV,"TE30","13","8.2","-22","-","-"
"233",11,"Jason Sanders",MIA,"K7","10","-","-31","+0.1","43% (7/16)"
"234",11,"Tank Dell",HOU,"WR89","7","7.2","-6","-","-"
"235",11,"Washington Commanders",WAS,"DST14","14","-","-39","-0.1","31% (5/16)"
"236",11,"Cleveland Browns",CLE,"DST15","5","-","+7","0.0","31% (5/16)"
"237",11,"Brandon McManus",JAC,"K8","9","-","-38","+1.0","50% (8/16)"
"238",11,"Jason Myers",SEA,"K9","5","-","-51","+1.8","68% (11/16)"
"239",11,"Deon Jackson",NYG,"RB67","13","4.6","-58","-0.3","20% (3/15)"
"240",11,"Jake Elliott",PHI,"K10","10","-","-56","-1.1","26% (4/15)"
"241",11,"Zach Ertz",FA,"TE31","-","2.2","-41","+1.0","55% (5/9)"
"242",11,"Kyler Murray",ARI,"QB30","14","2.4","-39","-1.1","36% (4/11)"
"243",11,"Green Bay Packers",GB,"DST16","6","-","-21","+0.4","43% (7/16)"
"244",11,"Los Angeles Chargers",LAC,"DST17","5","-","+66","-0.4","52% (9/17)"
"245",11,"Tampa Bay Buccaneers",TB,"DST18","5","-","0","-0.9","31% (5/16)"
"246",11,"Sean Tucker",TB,"RB68","5","6.0","+15","-","-"
"247",11,"Terrace Marshall Jr.",CAR,"WR90","7","8.4","+62","-0.4","38% (5/13)"
"248",11,"Cade Otton",TB,"TE32","5","2.6","+33","+0.3","46% (7/15)"
"249",11,"Tyler Conklin",NYJ,"TE33","7","4.8","-45","+0.6","50% (8/16)"
"250",11,"Deuce Vaughn",DAL,"RB69","7","4.2","-100","-","-"
"251",11,"Richie James Jr.",KC,"WR91","10","1.0","+15","+1.0","50% (7/14)"
"252",11,"Graham Gano",NYG,"K11","13","-","-37","+1.1","56% (9/16)"
"253",11,"Chase Edmonds",TB,"RB70","5","5.4","+30","-1.6","33% (4/12)"
"254",11,"Greg Joseph",MIN,"K12","13","-","+4","-0.1","50% (8/16)"
"255",11,"Kareem Hunt",CLE,"RB71","5","-","-83","-1.6","25% (4/16)"
"256",11,"Desmond Ridder",ATL,"QB31","11","7.0","-12","-1.4","0% (0/15)"
"257",11,"Greg Zuerlein",NYJ,"K13","7","-","-15","+1.7","56% (9/16)"
"258",11,"Jacksonville Jaguars",JAC,"DST19","9","-","-52","+1.4","56% (9/16)"
"259",11,"Josh Reynolds",DET,"WR92","9","5.0","+74","+0.1","38% (5/13)"
"260",11,"Isaiah Likely",BAL,"TE34","13","5.4","-1","+0.1","40% (6/15)"
"261",11,"Michael Carter",ARI,"RB72","14","4.2","+34","-1.5","33% (5/15)"
"262",11,"Chase Brown",CIN,"RB73","7","5.0","-27","-","-"
"263",11,"Mack Hollins",ATL,"WR93","11","6.6","+72","+1.0","50% (8/16)"
"264",11,"Marvin Jones Jr.",FA,"WR94","-","5.8","+73","-0.7","46% (7/15)"
"265",11,"Puka Nacua",LAR,"WR95","10","4.6","+15","-","-"
"266",11,"Wil Lutz",DEN,"K14","9","-","-19","+0.1","56% (9/16)"
"267",11,"Matt Gay",IND,"K15","11","-","-47","+0.6","50% (8/16)"
"268",11,"Michael Wilson",ARI,"WR96","14","5.6","+7","-","-"
"269",11,"Kendrick Bourne",NE,"WR97","11","2.8","-","-0.1","33% (5/15)"
"270",11,"Pierre Strong Jr.",CLE,"RB74","5","3.2","+55","-0.7","15% (2/13)"
"271",11,"Keaontay Ingram",KC,"RB75","10","5.6","+6","-1.1","9% (1/11)"
"272",11,"Baker Mayfield",TB,"QB32","5","5.6","-34","-0.2","28% (4/14)"
"273",11,"Tyquan Thornton",NE,"WR98","11","1.8","+51","-0.3","33% (4/12)"
"274",11,"Leonard Fournette",BUF,"RB76","13","-","-57","-0.7","40% (6/15)"
"275",11,"Indianapolis Colts",IND,"DST20","11","-","-","+0.1","43% (7/16)"
"276",11,"Nick Folk",TEN,"K16","7","-","-30","+1.2","50% (8/16)"
"277",11,"Sterling Shepard",NYG,"WR99","13","4.6","-","+1.3","33% (1/3)"
"278",11,"Seattle Seahawks",SEA,"DST21","5","-","-69","+0.8","62% (10/16)"
"279",11,"Carolina Panthers",CAR,"DST22","7","-","0","+0.4","56% (9/16)"
"280",11,"Jelani Woods",IND,"TE35","11","5.0","+31","+1.2","35% (5/14)"
"281",11,"Khalil Shakir",BUF,"WR100","13","1.0","+21","-0.9","15% (2/13)"
"282",11,"Isaiah Spiller",LAC,"RB77","5","4.0","-","-1.3","12% (1/8)"
"283",11,"Riley Patterson",FA,"K17","-","-","-19","+1.4","56% (9/16)"
"284",12,"Logan Thomas",WAS,"TE36","14","4.2","+20","-1.2","38% (5/13)"
"285",12,"Chris Boswell",PIT,"K18","6","-","-32","+1.3","63% (7/11)"
"286",12,"Zach Evans",LAR,"RB78","10","4.6","-12","-","-"
"287",12,"Latavius Murray",BUF,"RB79","13","2.0","+26","+2.3","66% (8/12)"
"288",12,"Tennessee Titans",TEN,"DST23","7","-","-17","-0.2","56% (9/16)"
"289",12,"Chris Evans",CIN,"RB80","7","5.0","+39","-0.5","18% (2/11)"
"290",12,"Dustin Hopkins",CLE,"K19","5","-","-","-1.4","33% (2/6)"
"291",12,"New York Giants",NYG,"DST24","13","-","-51","-0.2","43% (7/16)"
"292",12,"Los Angeles Rams",LAR,"DST25","10","-","-16","-0.4","37% (6/16)"
"293",12,"Jake Moody",SF,"K20","9","-","-86","-","-"
"294",12,"Matt Breida",NYG,"RB81","13","3.0","+45","-0.1","25% (4/16)"
"295",12,"Detroit Lions",DET,"DST26","9","-","-30","+0.1","43% (7/16)"
"296",12,"Justyn Ross",KC,"WR101","10","1.2","-70","-","-"
"297",12,"Matt Prater",ARI,"K21","14","-","-47","+1.5","58% (7/12)"
"298",12,"Cameron Dicker",LAC,"K22","5","-","-121","+1.0","70% (7/10)"
"299",12,"Israel Abanikanda",NYJ,"RB82","7","4.4","-15","-","-"
"300",12,"Cairo Santos",CHI,"K23","13","-","-","+0.1","33% (5/15)"
"301",12,"Laviska Shenault Jr.",CAR,"WR102","7","9.2","-","+0.6","41% (5/12)"
"302",12,"Cedric Tillman",CLE,"WR103","5","5.4","+14","-","-"
"303",12,"Quez Watkins",PHI,"WR104","10","6.2","-","+0.4","43% (7/16)"
"304",12,"Braxton Berrios",MIA,"WR105","10","5.0","-","-1.0","37% (6/16)"
"305",12,"Isaiah McKenzie",IND,"WR106","11","7.0","-","-0.1","40% (6/15)"
"306",12,"Boston Scott",PHI,"RB83","10","1.2","-","-0.3","35% (5/14)"
"307",12,"Jordan Mason",SF,"RB84","9","6.6","-","-0.5","35% (5/14)"
"308",12,"Ka'imi Fairbairn",HOU,"K24","7","-","-","+1.7","68% (11/16)"
"309",12,"Minnesota Vikings",MIN,"DST27","13","-","-75","-0.9","43% (7/16)"
"310",12,"Nick Westbrook-Ikhine",TEN,"WR107","7","5.8","-","-0.9","31% (5/16)"
"311",12,"JaMycal Hasty",NE,"RB85","11","2.6","-","+1.4","31% (5/16)"
"312",12,"Rico Dowdle",DAL,"RB86","7","4.6","+7","-1.2","0% (0/7)"
"313",12,"D'Ernest Johnson",JAC,"RB87","9","3.0","-","-1.2","16% (2/12)"
"314",12,"Tutu Atwell",LAR,"WR108","10","3.6","-","-0.5","38% (5/13)"
"315",12,"Kayshon Boutte",NE,"WR109","11","2.6","-","-","-"
"316",12,"Devin Duvernay",BAL,"WR110","13","5.2","-","+0.3","50% (7/14)"
"317",12,"Austin Hooper",LV,"TE37","13","8.2","-","-0.2","31% (5/16)"
"318",12,"Salvon Ahmed",MIA,"RB88","10","2.0","+5","-0.4","8% (1/12)"
"319",12,"Daniel Bellinger",NYG,"TE38","13","1.0","-","+0.5","58% (7/12)"
"320",12,"Tyrion Davis-Price",SF,"RB89","9","6.4","-","-1.0","25% (2/8)"
"321",12,"Ronald Jones II",FA,"RB90","-","4.6","-","-0.8","14% (1/7)"
"322",12,"Trayveon Williams",CIN,"RB91","7","5.0","-","-0.8","50% (1/2)"
"323",12,"Deonte Harty",BUF,"WR111","13","1.0","-","-2.1","0% (0/4)"
"324",12,"Greg Dortch",ARI,"WR112","14","5.2","-","0.0","35% (5/14)"
"325",13,"Trey Palmer",TB,"WR113","5","7.4","+16","-","-"
"326",13,"Brett Maher",FA,"K25","-","-","-78","+2.2","56% (9/16)"
"327",13,"Myles Gaskin",MIN,"RB92","13","1.8","-","-0.2","50% (2/4)"
"328",13,"Eric Gray",NYG,"RB93","13","3.0","-","-","-"
"329",13,"Adam Trautman",DEN,"TE39","9","7.8","-","-0.3","42% (6/14)"
"330",13,"Jacoby Brissett",WAS,"QB33","14","1.0","-","+0.4","35% (5/14)"
"331",13,"Zonovan Knight",DET,"RB94","9","5.0","-","-1.4","50% (3/6)"
"332",13,"DeeJay Dallas",SEA,"RB95","5","3.2","-","-0.6","28% (4/14)"
"333",13,"David Bell",CLE,"WR114","5","5.2","-","-0.7","40% (6/15)"
"334",13,"DeWayne McBride",MIN,"RB96","13","7.8","-56","-","-"
"335",13,"Randall Cobb",NYJ,"WR115","7","-","-","-0.2","50% (6/12)"
"336",13,"Eddy Pineiro",CAR,"K26","7","-","-","+2.3","56% (9/16)"
"337",13,"Nelson Agholor",BAL,"WR116","13","5.2","-","-1.4","13% (2/15)"
"338",13,"Joshua Dobbs",MIN,"QB34","13","4.0","-70","-0.4","8% (1/12)"
"339",13,"Luke Schoonmaker",DAL,"TE40","7","4.2","-21","-","-"
"340",13,"Noah Gray",KC,"TE41","10","7.2","-","+0.9","52% (9/17)"
"341",13,"Kyle Philips",TEN,"WR117","7","4.0","-","-2.3","25% (1/4)"
"342",13,"Michael Badgley",DET,"K27","9","-","-73","+1.0","71% (10/14)"
"343",13,"Brandon Aubrey",DAL,"K28","7","-","-17","-","-"
"344",13,"James Robinson",NO,"RB97","11","2.8","-","-1.5","36% (4/11)"
"345",13,"Noah Brown",HOU,"WR118","7","6.8","-","+0.3","40% (6/15)"
"346",13,"Ke'Shawn Vaughn",NE,"RB98","11","6.0","-","-0.7","7% (1/13)"
"347",13,"Malik Davis",DAL,"RB99","7","4.4","-","-0.4","33% (3/9)"
"348",13,"Jonnu Smith",ATL,"TE42","11","3.4","-59","-0.8","57% (8/14)"
"349",13,"Robert Tonyan",CHI,"TE43","13","5.8","-","-1.1","25% (4/16)"
"350",13,"Kyle Trask",TB,"QB35","5","5.6","-80","-0.7","0% (0/1)"
"351",13,"Arizona Cardinals",ARI,"DST28","14","-","-","+0.3","50% (8/16)"
"352",13,"Melvin Gordon III",BAL,"RB100","13","-","-","-1.5","33% (4/12)"
"353",13,"Joey Slye",WAS,"K29","14","-","-","+0.1","43% (7/16)"
"354",13,"Cade York",NYG,"K30","13","-","-","+0.4","50% (8/16)"
"355",13,"Jauan Jennings",SF,"WR119","9","6.2","-","+0.1","40% (6/15)"
"356",13,"Justice Hill",BAL,"RB101","13","5.2","-","-0.4","35% (5/14)"
"357",13,"Cole Turner",WAS,"TE44","14","3.8","-","-1.1","12% (1/8)"
"358",13,"Durham Smythe",MIA,"TE45","10","2.6","-","-0.5","26% (4/15)"
"359",13,"Foster Moreau",NO,"TE46","11","9.2","-","-0.3","40% (6/15)"
"360",13,"Calvin Austin III",PIT,"WR120","6","5.2","-","-","-"
"361",13,"Trent Sherfield",BUF,"WR121","13","1.0","-","+0.8","43% (7/16)"
"362",13,"Chris Rodriguez Jr.",WAS,"RB102","14","4.8","-19","-","-"
"363",13,"Ben Skowronek",LAR,"WR122","10","4.8","-","-1.1","28% (4/14)"
"364",13,"Will Levis",TEN,"QB36","7","7.0","-","-","-"
"365",13,"Trey Lance",DAL,"QB37","7","3.8","-48","-11.9","0% (0/2)"
"366",13,"Robbie Gould",FA,"K31","-","-","-","+0.7","43% (7/16)"
"367",13,"Ryan Succop",FA,"K32","-","-","-","+0.2","43% (7/16)"
"368",13,"Darnell Washington",PIT,"TE47","6","6.6","-","-","-"
"369",13,"Ameer Abdullah",LV,"RB103","13","6.2","-","0.0","40% (6/15)"
"370",13,"Sam Darnold",SF,"QB38","9","4.6","-77","+3.3","66% (4/6)"
"371",13,"Atlanta Falcons",ATL,"DST29","11","-","-","-0.5","43% (7/16)"
"372",13,"Kalif Raymond",DET,"WR123","9","5.4","-","+0.4","43% (7/16)"
"373",13,"Jalen Tolbert",DAL,"WR124","7","2.2","-","-3.0","0% (0/6)"
"374",13,"Demario Douglas",NE,"WR125","11","-","-","-","-"
"375",13,"Raheem Blackshear",CAR,"RB104","7","6.6","-29","+1.3","45% (5/11)"
"376",13,"Will Dissly",SEA,"TE48","5","3.6","-","+0.9","28% (4/14)"
"377",13,"Albert Okwuegbunam",PHI,"TE49","10","7.4","-","-1.3","11% (1/9)"
"378",13,"A.T. Perry",NO,"WR126","11","8.6","-","-","-"
"379",13,"Donald Parham Jr.",LAC,"TE50","5","6.2","-","-0.4","42% (3/7)"
"380",13,"Clayton Tune",ARI,"QB39","14","-","-107","-","-"
"381",13,"Chicago Bears",CHI,"DST30","13","-","-132","-2.3","18% (3/16)"
"382",13,"Olamide Zaccheaus",PHI,"WR127","10","5.4","-","-0.1","43% (7/16)"
"383",13,"Cedrick Wilson Jr.",MIA,"WR128","10","5.0","-","-2.0","13% (2/15)"
"384",13,"Jaleel McLaughlin",DEN,"RB105","9","-","-96","-","-"
"385",13,"Houston Texans",HOU,"DST31","7","-","-","+0.4","62% (10/16)"
"386",13,"C.J. Uzomah",NYJ,"TE51","7","4.6","-","+0.4","53% (8/15)"
"387",13,"Kylen Granson",IND,"TE52","11","5.6","-","+0.2","46% (6/13)"
"388",13,"Chad Ryland",NE,"K33","11","-","-58","-","-"
"389",13,"KJ Hamler",IND,"WR129","11","3.0","-","-1.0","42% (3/7)"
"390",13,"Tyler Scott",CHI,"WR130","13","4.2","-","-","-"
"391",13,"Tucker Kraft",GB,"TE53","6","7.4","-","-","-"
"392",13,"Dyami Brown",WAS,"WR131","14","4.4","-","-0.1","22% (2/9)"
"393",13,"Xavier Hutchinson",HOU,"WR132","7","7.2","-","-","-"
"394",13,"Mo Alie-Cox",IND,"TE54","11","5.6","-","-1.3","6% (1/16)"
"395",13,"Justin Watson",KC,"WR133","10","3.2","-","-1.0","23% (4/17)"
"396",14,"Kene Nwangwu",MIN,"RB106","13","7.8","-","+0.1","18% (2/11)"
"397",14,"Blake Grupe",NO,"K34","11","-","-","-","-"
"398",14,"Mason Crosby",NYG,"K35","13","-","-","-0.3","50% (8/16)"
"399",14,"Chris Moore",TEN,"WR134","7","6.2","-","+0.2","46% (7/15)"
"400",14,"Kenny McIntosh",SEA,"RB107","5","3.4","-","-","-"
"401",14,"Jamal Agnew",JAC,"WR135","9","8.6","-","+1.1","35% (5/14)"
"402",14,"Rodrigo Blankenship",FA,"K36","-","-","-","-4.8","33% (2/6)"
"403",14,"Harrison Bryant",CLE,"TE55","5","4.4","-","-0.9","37% (6/16)"
"404",14,"Robbie Chosen",MIA,"WR136","10","4.0","-","-2.9","12% (2/16)"
"405",14,"Demarcus Robinson",LAR,"WR137","10","-","-","-0.2","43% (7/16)"
"406",14,"J.D. McKissic",FA,"RB108","-","-","-","-1.2","37% (3/8)"
"407",14,"Anders Carlson",GB,"K37","6","-","-","-","-"
"408",14,"Chase McLaughlin",TB,"K38","5","-","-","+1.5","60% (9/15)"
"409",14,"Brevin Jordan",HOU,"TE56","7","4.4","-","-1.6","30% (3/10)"
"410",14,"Craig Reynolds",DET,"RB109","9","8.6","-","-0.6","20% (2/10)"
"411",14,"Marquez Callaway",NO,"WR138","11","3.4","-","-1.9","15% (2/13)"
"412",14,"Zach Pascal",ARI,"WR139","14","4.6","-","-0.5","21% (3/14)"
"413",14,"Gardner Minshew II",IND,"QB40","11","5.8","-","-0.4","6% (1/15)"
"414",14,"Deneric Prince",KC,"RB110","10","-","-","-","-"
"415",14,"Tristan Vizcaino",FA,"K39","-","-","-58","-4.4","33% (1/3)"
"416",14,"Kyle Juszczyk",SF,"RB111","9","6.6","-","+0.2","46% (7/15)"
"417",14,"Las Vegas Raiders",LV,"DST32","13","-","-","-1.3","37% (6/16)"
"418",14,"Taylor Heinicke",ATL,"QB41","11","7.2","-","-0.9","20% (3/15)"
"419",14,"Kenyan Drake",GB,"RB112","6","-","-","+1.2","45% (5/11)"
"420",14,"Brock Wright",DET,"TE57","9","5.2","-","+0.4","31% (5/16)"
"421",14,"Julius Chestnut",TEN,"RB113","7","7.2","-","-3.0","0% (0/1)"
"422",14,"Jordan Akins",CLE,"TE58","5","4.2","-","+1.2","50% (7/14)"
"423",14,"Trenton Irwin",CIN,"WR140","7","-","-","+2.4","40% (4/10)"
"424",14,"Dontrell Hilliard",FA,"RB114","-","-","-","+0.7","41% (5/12)"
"425",14,"KhaDarel Hodge",ATL,"WR141","11","6.0","-","-0.2","33% (5/15)"
"426",14,"Deven Thompkins",TB,"WR142","5","-","-","-","-"
"427",14,"Jamison Crowder",WAS,"WR143","14","4.4","-","-2.5","0% (0/5)"
"428",14,"Jarvis Landry",FA,"WR144","-","-","-","-2.2","22% (2/9)"
"429",14,"Darrell Henderson Jr.",FA,"RB115","-","-","-","-2.3","20% (2/10)"
"430",14,"Samori Toure",GB,"WR145","6","5.4","-","+0.5","60% (3/5)"
"431",14,"Peyton Hendershot",DAL,"TE59","7","4.4","-","+0.6","40% (6/15)"
"432",14,"Colby Parkinson",SEA,"TE60","5","4.0","-","+0.6","37% (6/16)"
"433",14,"DeAndre Carter",LV,"WR146","13","1.8","-","-0.5","35% (6/17)"
"434",14,"Parker Washington",JAC,"WR147","9","8.6","-","-","-"
"435",14,"Tommy Tremble",CAR,"TE61","7","5.0","-","+0.1","31% (5/16)"
"436",14,"Julio Jones",PHI,"WR148","10","-","-","-0.2","50% (5/10)"
"437",14,"Jalen Nailor",MIN,"WR149","13","4.4","-","-0.2","16% (1/6)"
"438",14,"Brandon Johnson",DEN,"WR150","9","-","-","-","-"
"439",14,"Josh Oliver",MIN,"TE62","13","4.4","-","+0.4","31% (5/16)"
"440",14,"Charlie Jones",CIN,"WR151","7","6.6","-","-","-"
"441",14,"Mike White",MIA,"QB42","10","2.6","-140","-0.3","28% (2/7)"
"442",14,"Ronnie Rivers",LAR,"RB116","10","4.4","-","-0.3","50% (2/4)"
"443",14,"Brenton Strange",JAC,"TE63","9","2.4","-","-","-"
"444",14,"Mike Boone",FA,"RB117","-","4.2","-","-0.8","22% (2/9)"
"445",14,"Ty Montgomery II",FA,"RB118","-","3.2","-","+6.8","100% (1/1)"
"446",14,"Marquise Goodwin",CLE,"WR152","5","5.4","-","+2.3","58% (7/12)"
"447",14,"Velus Jones Jr.",CHI,"WR153","13","4.2","-","-0.5","33% (3/9)"
"448",14,"Aidan O'Connell",LV,"QB43","13","-","-181","-","-"
"449",14,"Kevin Harris",NE,"RB119","11","1.8","-","-1.2","20% (1/5)"
"450",14,"Emari Demercado",ARI,"RB120","14","-","-","-","-"
"451",14,"Darrel Williams",FA,"RB121","-","-","-","+0.1","16% (1/6)"
"452",14,"Jeremy Ruckert",NYJ,"TE64","7","5.0","-","-1.1","0% (0/8)"
"453",14,"Tre'Quan Smith",DEN,"WR154","9","9.2","-","-1.8","21% (3/14)"
"454",14,"Scott Miller",ATL,"WR155","11","4.6","-","-0.7","35% (5/14)"
"455",14,"Brandon Bolden",LV,"RB122","13","6.2","-","-0.8","18% (2/11)"
"456",14,"Dontayvion Wicks",GB,"WR156","6","5.4","-","-","-"
"457",14,"Jameis Winston",NO,"QB44","11","9.2","-","-0.9","16% (2/12)"
"458",14,"Jimmy Graham",NO,"TE65","11","-","-","-","-"
"459",15,"Keaton Mitchell",BAL,"RB123","13","5.2","-","-","-"
"460",15,"Ty Johnson",BUF,"RB124","13","-","-","-0.3","31% (5/16)"
"461",15,"Andrei Iosivas",CIN,"WR157","7","6.6","-","-","-"
"462",15,"Mark Ingram II",FA,"RB125","-","-","-","-1.2","30% (3/10)"
"463",15,"Rakim Jarrett",TB,"WR158","5","-","-","-","-"
"464",15,"Equanimeous St. Brown",CHI,"WR159","13","4.2","-","-0.5","40% (6/15)"
"465",15,"Travis Homer",CHI,"RB126","13","9.9","-","0.0","40% (4/10)"
"466",15,"Jalen Guyton",LAC,"WR160","5","-","-","+0.1","33% (1/3)"
"467",15,"Tanner Brown",FA,"K40","-","-","-","-","-"
"468",15,"Teagan Quitoriano",HOU,"TE66","7","4.4","-","-0.5","30% (3/10)"
"469",15,"Colt McCoy",FA,"QB45","-","2.6","-","-0.6","20% (2/10)"
"470",15,"Ian Thomas",CAR,"TE67","7","6.6","-","-0.6","25% (4/16)"
"471",15,"Emanuel Wilson",GB,"RB127","6","-","-","-","-"
"472",15,"Chris Brooks",MIA,"RB128","10","-","-125","-","-"
"473",15,"Anthony McFarland Jr.",FA,"RB129","-","-","-","-0.4","0% (0/1)"
"474",15,"Corey Clement",ARI,"RB130","14","4.6","-","-1.3","16% (1/6)"
"475",15,"Erik Ezukanma",MIA,"WR161","10","-","-","-","-"
"476",15,"John Bates",WAS,"TE68","14","4.0","-","-1.0","20% (3/15)"
"477",15,"Kenny Golladay",FA,"WR162","-","-","-","-3.1","10% (1/10)"
"478",15,"Tyler Huntley",BAL,"QB46","13","4.6","-","-2.5","0% (0/15)"
"479",15,"Elijah Higgins",ARI,"TE69","14","-","-","-","-"
"480",15,"James Mitchell",DET,"TE70","9","5.6","-","-0.4","30% (4/13)"
"481",15,"Dare Ogunbowale",HOU,"RB131","7","4.0","-","-0.1","20% (3/15)"
"482",15,"Josiah Deguara",GB,"TE71","6","8.2","-","-0.7","26% (4/15)"
"483",15,"Josh Whyle",TEN,"TE72","7","4.4","-","-","-"
"484",15,"Ko Kieft",TB,"TE73","5","-","-","-0.3","37% (6/16)"
"485",15,"Rex Burkhead",FA,"RB132","-","-","-","-1.9","20% (3/15)"
"486",15,"Malik Willis",TEN,"QB47","7","6.2","-","-1.5","7% (1/14)"
"487",15,"Tre Tucker",LV,"WR163","13","-","-","-","-"
"488",15,"Elijah Dotson",LAC,"RB133","5","-","-","-","-"
"489",15,"Zach Wilson",NYJ,"QB48","7","4.0","-","-2.3","33% (3/9)"
"490",15,"Hunter Long",LAR,"TE74","10","2.2","-","-0.9","0% (0/7)"
"491",15,"Brandon Powell",MIN,"WR164","13","4.4","-","-0.6","26% (4/15)"
"492",15,"Jason Brownlee",NYJ,"WR165","7","-","-","-","-"
"493",15,"Bailey Zappe",NE,"QB49","11","3.2","-","+0.5","27% (3/11)"
"494",15,"Danny Gray",SF,"WR166","9","5.4","-","-1.4","0% (0/3)"
"495",15,"Jarrett Stidham",DEN,"QB50","9","7.6","-","+0.4","13% (2/15)"
"496",15,"Justin Shorter",BUF,"WR167","13","-","-","-","-"
"497",15,"Randy Bullock",NYG,"K41","13","-","-","-1.3","28% (4/14)"
"498",15,"River Cracraft",MIA,"WR168","10","4.6","-","+0.9","28% (2/7)"
"499",15,"Andy Dalton",CAR,"QB51","7","7.0","-","-0.8","25% (4/16)"
"500",15,"Brycen Hopkins",LAR,"TE75","10","2.2","-","-0.2","30% (4/13)"
"501",15,"Tyler Kroft",MIA,"TE76","10","-","-","-0.8","22% (2/9)"
"502",15,"Alec Ingold",MIA,"RB134","10","1.0","-","+0.4","37% (6/16)"
"503",15,"Connor Heyward",PIT,"TE77","6","6.2","-","-0.2","25% (2/8)"
"504",15,"Dee Eskridge",SEA,"WR169","5","6.2","-","-1.8","10% (1/10)"
"505",15,"Tre' McKitty",BUF,"TE78","13","7.4","-","-1.0","18% (3/16)"
"506",15,"Tyler Davis",FA,"K42","-","-","-","-","-"
"507",15,"Derius Davis",LAC,"WR170","5","-","-","-","-"
"508",15,"Shi Smith",TEN,"WR171","7","8.2","-","-0.2","37% (6/16)"
"509",15,"Brian Hoyer",LV,"QB52","13","-","-","-3.1","0% (0/4)"
"510",15,"Jack Stoll",PHI,"TE79","10","4.8","-","-0.6","40% (6/15)"
"511",15,"Gary Brightwell",NYG,"RB135","13","3.0","-","-0.4","20% (3/15)"
"512",15,"Drew Sample",CIN,"TE80","7","6.2","-","-0.6","0% (0/2)"
"513",15,"Johnny Mundt",MIN,"TE81","13","4.6","-","+0.5","53% (8/15)"
"514",15,"Trey Sermon",IND,"RB136","11","1.4","-","-0.7","50% (1/2)"
"515",15,"Caleb Shudak",FA,"K43","-","-","-","-1.6","50% (1/2)"
"516",15,"Zack Kuntz",NYJ,"TE82","7","5.0","-","-","-"
"517",15,"N'Keal Harry",MIN,"WR172","13","-","-","+0.4","25% (1/4)"
"518",15,"Carson Wentz",LAR,"QB53","10","-","-","+0.9","44% (4/9)"
"519",15,"Trevon Wesco",TEN,"TE83","7","-","-","-0.2","16% (2/12)"
"520",15,"Byron Pringle",WAS,"WR173","14","-","-","-0.5","30% (3/10)"
"521",15,"Charlie Kolar",BAL,"TE84","13","6.2","-","-1.5","0% (0/3)"
"522",15,"Malik Heath",GB,"WR174","6","-","-","-","-"
"523",15,"Marcus Mariota",PHI,"QB54","10","4.0","-","-0.4","53% (7/13)"
"524",15,"Demetric Felton Jr.",CIN,"RB137","7","3.6","-","-1.1","0% (0/7)"
"525",15,"Quintin Morris",BUF,"TE85","13","6.2","-","-0.6","15% (2/13)"
"526",15,"Denzel Mims",PIT,"WR175","6","3.6","-","-0.5","33% (3/9)"
"527",15,"Nick Bawden",NYJ,"RB138","7","-","-","-","-"
"528",15,"Ray-Ray McCloud III",SF,"WR176","9","5.6","-","+1.1","27% (3/11)"
"529",15,"Mitchell Wilcox",CIN,"TE86","7","-","-","+0.2","46% (7/15)"
"530",15,"Blake Bell",KC,"TE87","10","-","-","-1.9","0% (0/2)"
"531",15,"Luke Farrell",JAC,"TE88","9","-","-","-0.6","13% (2/15)"
"532",15,"Sammy Watkins",FA,"WR177","-","-","-","-2.0","20% (2/10)"
"533",15,"Davis Mills",HOU,"QB55","7","6.0","-","-0.5","40% (6/15)"
"534",15,"Grant Calcaterra",PHI,"TE89","10","4.4","-","-0.7","23% (3/13)"
"535",15,"David Moore",TB,"WR178","5","-","-","-","-"
"536",15,"Dorian Thompson-Robinson",CLE,"QB56","5","-","-","-","-"
"537",15,"Tanner Conner",MIA,"TE90","10","-","-","-","-"
"538",15,"O.J. Howard",FA,"TE91","-","6.8","-","-1.1","23% (3/13)"
"539",15,"Tylan Wallace",BAL,"WR179","13","-","-","-1.3","16% (1/6)"
"540",15,"Stetson Bennett",LAR,"QB57","10","2.2","-","-","-"
"541",15,"Keith Kirkwood",NO,"WR180","11","-","-","-2.2","0% (0/1)"
"542",15,"Andrew Ogletree",IND,"TE92","11","-","-","-","-"
"543",15,"Jesper Horsted",LV,"TE93","13","8.2","-","-1.2","7% (1/13)"
"544",15,"C.J. Ham",MIN,"RB139","13","7.8","-","-0.3","23% (3/13)"
"545",15,"Ronnie Bell",SF,"WR181","9","-","-","-","-"
"546",15,"Jody Fortson",KC,"TE94","10","7.2","-","-0.4","28% (4/14)"
"547",15,"Caleb Huntley",FA,"RB140","-","5.2","-193","-0.9","20% (2/10)"
"548",15,"Tony Jones Jr.",ARI,"RB141","14","-","-","-1.7","0% (0/6)"
"549",15,"Ihmir Smith-Marsette",CAR,"WR182","7","-","-","-1.1","0% (0/6)"
"550",15,"Tiyon Evans",FA,"RB142","-","4.4","-","-","-"
"551",15,"Ross Dwelley",SF,"TE95","9","5.0","-","-1.2","16% (2/12)"
"552",15,"Jalen Reagor",NE,"WR183","11","3.8","-","-0.1","25% (3/12)"
"553",15,"Hendon Hooker",DET,"QB58","9","6.6","-","-","-"
"554",15,"Will Mallory",IND,"TE96","11","5.4","-","-","-"
"555",16,"MyCole Pruitt",ATL,"TE97","11","-","-","+0.6","38% (5/13)"
"556",16,"Chris Manhertz",DEN,"TE98","9","7.6","-","-0.5","20% (3/15)"
"557",16,"Cam Sims",CAR,"WR184","7","1.0","-","-1.8","0% (0/12)"
"558",16,"Julian Hill",MIA,"TE99","10","-","-","-","-"
"559",16,"Snoop Conner",JAC,"RB143","9","3.0","-","-0.1","16% (1/6)"
"560",16,"Scotty Washington",BAL,"WR185","13","-","-","-","-"
"561",16,"Davis Allen",LAR,"TE100","10","-","-","-","-"
"562",16,"Jake Bobo",SEA,"WR186","5","-","-","-","-"
"563",16,"Anthony Schwartz",MIA,"WR187","10","5.4","-","-1.3","14% (1/7)"
"564",16,"Marcedes Lewis",CHI,"TE101","13","-","-","0.0","31% (5/16)"
"565",16,"Teddy Bridgewater",DET,"QB59","9","-","-","+0.1","18% (2/11)"
"566",16,"Elijah Cooks",JAC,"WR188","9","-","-","-","-"
"567",16,"Tyler Davis",GB,"TE102","6","-","-","-","-"
"568",16,"Patrick Ricard",BAL,"RB144","13","5.8","-","-0.7","20% (3/15)"
"569",16,"Giovanni Ricci",CAR,"TE103","7","4.8","-","-0.1","30% (4/13)"
"570",16,"Jakob Johnson",LV,"RB145","13","5.4","-","-0.5","8% (1/12)"
"571",16,"Matt Corral",FA,"QB60","-","7.0","-","-","-"
"572",16,"Tyrod Taylor",NYG,"QB61","13","1.0","-","+0.2","16% (2/12)"
"573",16,"Sean Clifford",GB,"QB62","6","-","-","-","-"
"574",16,"Shane Zylstra",DET,"TE104","9","5.0","-","+1.2","23% (3/13)"
"575",16,"Dareke Young",SEA,"WR189","5","-","-","-1.3","0% (0/7)"
"576",16,"Armani Rogers",WAS,"TE105","14","-","-","-0.2","27% (3/11)"
"577",16,"Blaine Gabbert",KC,"QB63","10","4.8","-","-","-"
"578",16,"Eric Saubert",HOU,"TE106","7","2.6","-","-0.4","31% (5/16)"
"579",16,"Jake Browning",CIN,"QB64","7","-","-","-","-"
"580",16,"Easton Stick",LAC,"QB65","5","-","-","-","-"
"581",16,"Andrew Beck",HOU,"TE107","7","4.4","-","-0.6","9% (1/11)"
"582",16,"Jalen Brooks",DAL,"WR190","7","-","-","-","-"
"583",16,"Cooper Rush",DAL,"QB66","7","3.4","-","-1.5","25% (3/12)"
"584",16,"Tommy Sweeney",FA,"TE108","-","1.0","-","-1.1","20% (1/5)"
"585",16,"KaVontae Turpin",DAL,"WR191","7","-","-","-1.4","0% (0/7)"
"586",16,"Montrell Washington",KC,"WR192","10","-","-","-1.9","16% (2/12)"
"587",16,"Bryan Edwards",FA,"WR193","-","8.6","-","-2.6","0% (0/7)"
"588",16,"Payne Durham",TB,"TE109","5","-","-","-","-"
"589",16,"Phillip Dorsett II",DEN,"WR194","9","1.0","-","-1.5","26% (4/15)"
"590",16,"Pharaoh Brown",NE,"TE110","11","5.4","-","-0.5","23% (3/13)"
"591",16,"Gunner Olszewski",NYG,"WR195","13","-","-","-0.7","8% (1/12)"
"592",16,"Lil'Jordan Humphrey",DEN,"WR196","9","-","-","-1.8","16% (1/6)"
"593",16,"Dax Milne",WAS,"WR197","14","4.4","-","+0.5","50% (4/8)"
"594",16,"Charlie Woerner",SF,"TE111","9","-","-","-0.6","0% (0/15)"
"595",16,"Mitch Trubisky",PIT,"QB67","6","3.6","-","+0.3","30% (4/13)"
"596",16,"Drew Lock",SEA,"QB68","5","3.0","-","-1.0","0% (0/14)"
"597",16,"Kristian Wilkerson",LV,"WR198","13","-","-","-1.2","0% (0/1)"
"598",16,"Geoff Swaim",ARI,"TE112","14","-","-","-1.3","13% (2/15)"
"599",16,"Colton Dowell",TEN,"WR199","7","-","-","-","-"
"600",16,"Tim Jones",JAC,"WR200","9","8.6","-","-0.7","14% (1/7)"
"601",16,"C.J. Beathard",JAC,"QB69","9","5.6","-","-0.9","0% (0/14)"
"602",16,"Miles Boykin",PIT,"WR201","6","5.2","-","-1.7","0% (0/7)"