"RK",TIERS,"PLAYER NAME",TEAM,"FAN PTS","YDS","TDS","REC","YDS","TDS","ATT","YDS","TDS"
"1",1,"Justin Jefferson",MIN,"168.2","0","0","68","1074","5","1","-12","0"
"2",1,"Christian McCaffrey",SF,"357.8","0","0","67","564","7","272","1459","14"
"3",1,"Ja'Marr Chase",CIN,"212.7","0","0","100","1216","7","3","-6","0"
"4",1,"Austin Ekeler",LAC,"159.9","0","0","51","436","1","179","628","5"
"5",1,"Tyreek Hill",MIA,"316.9","0","0","119","1799","13","6","15","0"
"6",2,"Bijan Robinson",ATL,"217.3","0","0","58","487","4","214","976","4"
"7",2,"Nick Chubb",CLE,"21.1","0","0","4","21","0","28","170","0"
"8",2,"Saquon Barkley",NYG,"202.7","0","0","41","280","4","247","962","6"
"9",2,"Stefon Diggs",BUF,"220.3","0","0","107","1183","8","1","5","0"
"10",2,"Tony Pollard",DAL,"195.1","0","0","55","311","0","252","1005","6"
"11",2,"CeeDee Lamb",DAL,"335.7","0","0","135","1749","12","14","113","2"
"12",2,"Travis Kelce",KC,"172.9","0","0","93","984","5","0","0","0"
"13",2,"A.J. Brown",PHI,"236.6","0","0","106","1456","7","0","0","0"
"14",2,"Amon-Ra St. Brown",DET,"271.4","0","0","119","1515","10","4","24","0"
"15",2,"Davante Adams",LV,"213.9","0","0","103","1144","8","0","0","0"
"16",2,"Derrick Henry",TEN,"232.7","0","0","28","214","0","280","1167","12"
"17",3,"Garrett Wilson",NYJ,"165.7","0","0","95","1042","3","4","0","0"
"18",3,"Josh Jacobs",LV,"162.6","0","0","37","296","0","233","805","6"
"19",3,"Jaylen Waddle",MIA,"162.6","0","0","72","1014","4","3","12","0"
"20",3,"Chris Olave",NO,"187.8","0","0","87","1123","5","0","0","0"
"21",3,"Rhamondre Stevenson",NE,"126.7","0","0","38","238","0","156","619","4"
"22",3,"Joe Mixon",CIN,"241","0","0","52","376","3","257","1034","9"
"23",4,"DeVonta Smith",PHI,"187.1","0","0","81","1066","7","0","0","0"
"24",4,"Tee Higgins",CIN,"116.6","0","0","42","656","5","0","0","0"
"25",4,"Patrick Mahomes II",KC,"294.2","4183","27","0","0","0","75","389","0"
"26",4,"Josh Allen",BUF,"410.6","4306","29","0","0","0","111","524","15"
"27",4,"Jalen Hurts",PHI,"371.8","3858","23","0","0","0","157","605","15"
"28",4,"Mark Andrews",BAL,"112.9","0","0","45","544","6","1","0","0"
"29",4,"Najee Harris",PIT,"181","0","0","29","170","0","255","1035","8"
"30",4,"Jahmyr Gibbs",DET,"216.1","0","0","52","316","1","182","945","10"
"31",4,"Cooper Kupp",LAR,"134.9","0","0","59","737","5","1","-3","0"
"32",4,"Travis Etienne Jr.",JAC,"253.4","0","0","58","476","1","267","1008","11"
"33",4,"DK Metcalf",SEA,"192.4","0","0","66","1114","8","0","0","0"
"34",4,"Calvin Ridley",JAC,"191.9","0","0","76","1016","8","9","23","0"
"35",4,"Keenan Allen",LAC,"224.9","0","0","108","1243","7","2","6","0"
"36",4,"Aaron Jones",GB,"119.9","0","0","30","233","1","142","656","2"
"37",4,"Amari Cooper",CLE,"191","0","0","72","1250","5","0","0","0"
"38",5,"Deebo Samuel",SF,"213.7","0","0","60","892","7","37","225","5"
"39",5,"Lamar Jackson",BAL,"338.2","3678","24","0","0","0","148","821","5"
"40",5,"Kenneth Walker III",SEA,"184.9","0","0","29","259","1","219","905","8"
"41",5,"DJ Moore",CHI,"238.5","0","0","96","1364","8","4","21","1"
"42",5,"Dameon Pierce",HOU,"76.2","0","0","13","101","0","145","416","2"
"43",5,"Breece Hall",NYJ,"252.5","0","0","76","591","4","223","994","5"
"44",5,"Joe Burrow",CIN,"153.2","2309","15","0","0","0","31","88","0"
"45",5,"Alexander Mattison",MIN,"118.2","0","0","30","192","3","180","700","0"
"46",5,"DeAndre Hopkins",TEN,"186.1","0","0","75","1057","7","2","9","0"
"47",5,"Miles Sanders",CAR,"74.1","0","0","27","154","0","129","432","1"
"48",5,"J.K. Dobbins",BAL,"10.7","0","0","2","15","0","8","22","1"
"49",5,"Christian Watson",GB,"87.3","0","0","28","422","5","4","11","0"
"50",5,"Justin Herbert",LAC,"240.7","3134","20","0","0","0","52","228","3"
"51",5,"Drake London",ATL,"139.9","0","0","69","905","2","0","0","0"
"52",5,"Justin Fields",CHI,"239.2","2562","16","0","0","0","124","657","4"
"53",5,"T.J. Hockenson",MIN,"171.5","0","0","95","960","5","0","0","0"
"54",5,"Tyler Lockett",SEA,"162.9","0","0","79","894","5","0","0","0"
"55",5,"Brandon Aiyuk",SF,"211.7","0","0","75","1342","7","0","0","0"
"56",5,"Cam Akers",MIN,"41.2","0","0","11","70","0","60","167","2"
"57",5,"Darren Waller",NYG,"87.2","0","0","52","552","1","0","0","0"
"58",5,"Chris Godwin",TB,"167.7","0","0","83","1024","2","4","38","1"
"59",5,"Terry McLaurin",WAS,"163.7","0","0","79","1002","4","0","0","0"
"60",5,"Mike Williams",LAC,"40.7","0","0","19","249","1","1","3","0"
"61",5,"Diontae Johnson",PIT,"127.2","0","0","51","717","5","0","0","0"
"62",6,"James Conner",ARI,"188","0","0","27","165","2","208","1040","7"
"63",6,"Rachaad White",TB,"235.9","0","0","64","549","3","272","990","6"
"64",6,"James Cook",BUF,"210.7","0","0","44","445","4","237","1122","2"
"65",6,"Christian Kirk",JAC,"121.8","0","0","57","787","3","1","6","0"
"66",6,"Trevor Lawrence",JAC,"276.5","4016","21","0","0","0","70","339","4"
"67",6,"Javonte Williams",DEN,"155.7","0","0","47","228","2","217","774","3"
"68",6,"David Montgomery",DET,"199.2","0","0","16","117","0","219","1015","13"
"69",6,"Mike Evans",TB,"243","0","0","79","1255","13","0","0","0"
"70",6,"George Kittle",SF,"170.7","0","0","65","1020","6","1","2","0"
"71",6,"Alvin Kamara",NO,"195.5","0","0","75","466","1","180","694","5"
"72",6,"Jahan Dotson",WAS,"100.3","0","0","49","518","4","0","0","0"
"73",6,"Jonathan Taylor",IND,"146.9","0","0","19","153","1","169","741","7"
"74",6,"Dallas Goedert",PHI,"106.8","0","0","59","592","3","1","1","0"
"75",6,"Michael Pittman Jr.",IND,"195.7","0","0","109","1152","4","0","0","0"
"76",6,"Isiah Pacheco",KC,"191.9","0","0","44","244","2","205","935","7"
"77",6,"George Pickens",PIT,"177.3","0","0","63","1140","5","3","18","0"
"78",6,"Jerry Jeudy",DEN,"114.8","0","0","54","758","2","0","0","0"
"79",6,"Marquise Brown",ARI,"109.2","0","0","51","574","4","2","23","0"
"80",6,"Kyle Pitts",ATL,"110.8","0","0","53","667","3","1","-4","0"
"81",6,"D'Andre Swift",PHI,"179.8","0","0","39","214","1","229","1049","5"
"82",6,"Dalvin Cook",BAL,"32.7","0","0","15","78","0","67","214","0"
"83",7,"Jordan Addison",MIN,"186.3","0","0","70","911","10","1","2","0"
"84",7,"Gabe Davis",BUF,"138.9","0","0","45","746","7","1","-2","0"
"85",7,"Khalil Herbert",CHI,"102.5","0","0","20","134","1","132","611","2"
"86",7,"Courtland Sutton",DEN,"160.7","0","0","59","772","10","0","0","0"
"87",7,"Jaxon Smith-Njigba",SEA,"118.3","0","0","63","628","4","0","0","0"
"88",7,"Brandin Cooks",DAL,"146.2","0","0","54","657","8","5","35","0"
"89",7,"Brian Robinson Jr.",WAS,"180.1","0","0","36","368","4","178","733","5"
"90",7,"Antonio Gibson",WAS,"103.4","0","0","48","389","2","65","265","1"
"91",7,"AJ Dillon",GB,"106.6","0","0","22","223","0","178","613","2"
"92",7,"Zay Flowers",BAL,"167.9","0","0","77","858","5","8","56","1"
"93",7,"Deshaun Watson",CLE,"90.8","1115","7","0","0","0","26","142","1"
"94",7,"Daniel Jones",NYG,"63","909","2","0","0","0","40","206","1"
"95",7,"Treylon Burks",TEN,"31.9","0","0","16","221","0","5","18","0"
"96",7,"Dak Prescott",DAL,"351.8","4516","36","0","0","0","55","242","2"
"97",7,"Pat Freiermuth",PIT,"60.8","0","0","32","308","2","0","0","0"
"98",7,"Evan Engram",JAC,"173.3","0","0","114","963","4","0","0","0"
"99",7,"Elijah Moore",CLE,"102.6","0","0","59","640","2","9","11","0"
"100",7,"Samaje Perine",DEN,"96.3","0","0","50","455","0","53","238","1"
"101",7,"Michael Thomas",NO,"70.3","0","0","39","448","1","0","0","0"
"102",7,"Tua Tagovailoa",MIA,"284.4","4624","29","0","0","0","35","74","0"
"103",7,"David Njoku",CLE,"160.7","0","0","81","882","6","0","0","0"
"104",7,"Skyy Moore",KC,"43.2","0","0","21","244","1","3","23","0"
"105",7,"Kirk Cousins",MIN,"154.7","2331","18","0","0","0","14","25","0"
"106",7,"Zach Charbonnet",SEA,"89.6","0","0","33","209","0","108","462","1"
"107",7,"JuJu Smith-Schuster",NE,"46.5","0","0","29","260","1","0","0","0"
"108",7,"Geno Smith",SEA,"235.8","3624","20","0","0","0","37","155","1"
"109",7,"Jamaal Williams",NO,"51.8","0","0","18","62","0","106","306","1"
"110",7,"Raheem Mostert",MIA,"255.2","0","0","25","175","3","209","1012","18"
"111",8,"Rashod Bateman",BAL,"60.5","0","0","32","367","1","1","18","0"
"112",8,"Anthony Richardson",IND,"73.7","577","3","0","0","0","25","136","4"
"113",8,"Jakobi Meyers",LV,"183.1","0","0","71","807","8","4","24","2"
"114",8,"Quentin Johnston",LAC,"75","0","0","38","431","2","3","9","0"
"115",8,"Jerick McKinnon",KC,"71.9","0","0","25","192","4","21","60","1"
"116",8,"Kadarius Toney",KC,"39.5","0","0","27","169","1","11","31","0"
"117",8,"Nico Collins",HOU,"220.4","0","0","80","1297","8","1","7","0"
"118",8,"Jaylen Warren",PIT,"165.9","0","0","61","370","0","149","784","4"
"119",8,"Rashaad Penny",PHI,"4.3","0","0","1","5","0","11","33","0"
"120",8,"Tyler Higbee",LAR,"85","0","0","47","495","2","0","0","0"
"121",8,"Allen Lazard",NYJ,"48.6","0","0","23","311","1","0","0","0"
"122",8,"Damien Harris",BUF,"18","0","0","2","16","0","23","94","1"
"123",8,"Dalton Schultz",HOU,"121","0","0","59","635","5","0","0","0"
"124",8,"Aaron Rodgers",NYJ,"0","0","0","0","0","0","0","0","0"
"125",8,"Odell Beckham Jr.",BAL,"90","0","0","35","565","3","0","0","0"
"126",8,"De'Von Achane",MIA,"177.2","0","0","27","197","3","103","800","8"
"127",8,"Romeo Doubs",GB,"144.9","0","0","59","674","8","0","0","0"
"128",8,"Elijah Mitchell",SF,"44.5","0","0","6","14","0","75","281","2"
"129",8,"Tyler Allgeier",ATL,"128.6","0","0","18","193","1","186","683","4"
"130",8,"Tank Bigsby",JAC,"22.3","0","0","1","6","0","50","132","2"
"131",8,"Chigoziem Okonkwo",TEN,"86.4","0","0","54","528","1","2","6","0"
"132",8,"Tyler Boyd",CIN,"112.3","0","0","67","667","2","2","11","0"
"133",8,"Kenneth Gainwell",PHI,"82.4","0","0","30","183","0","84","364","2"
"134",8,"Jared Goff",DET,"303.1","4575","30","0","0","0","32","21","2"
"135",8,"Ezekiel Elliott",NE,"149","0","0","51","313","2","184","642","3"
"136",8,"Dalton Kincaid",BUF,"113.8","0","0","73","673","2","0","0","0"
"137",8,"Zay Jones",JAC,"61.1","0","0","34","321","2","0","0","0"
"138",8,"Adam Thielen",CAR,"179.5","0","0","103","1014","4","1","6","0"
"139",8,"Darnell Mooney",CHI,"63.4","0","0","31","414","1","2","5","0"
"140",8,"Russell Wilson",DEN,"264.9","3070","26","0","0","0","80","341","3"
"141",8,"Cole Kmet",CHI,"144.6","0","0","73","719","6","3","2","0"
"142",9,"Gerald Everett",LAC,"85.6","0","0","51","411","3","3","10","0"
"143",9,"Greg Dulcich",DEN,"4","0","0","3","25","0","0","0","0"
"144",9,"Juwan Johnson",NO,"79.3","0","0","37","368","4","0","0","0"
"145",9,"Jameson Williams",DET,"68.3","0","0","24","354","2","3","29","1"
"146",9,"Devin Singletary",HOU,"152.3","0","0","30","193","0","216","898","4"
"147",9,"Rondale Moore",ARI,"85","0","0","40","352","1","28","178","1"
"148",9,"Michael Gallup",DAL,"70.8","0","0","34","418","2","0","0","0"
"149",9,"Van Jefferson",ATL,"31.3","0","0","20","209","0","1","4","0"
"150",9,"Sam LaPorta",DET,"196.3","0","0","86","889","10","1","4","0"
"151",9,"DJ Chark Jr.",CAR,"98","0","0","35","525","5","0","0","0"
"152",9,"Roschon Johnson",CHI,"85.1","0","0","34","209","0","81","352","2"
"153",9,"Derek Carr",NO,"249.1","3878","25","0","0","0","32","40","0"
"154",9,"Kenny Pickett",PIT,"114.2","2070","6","0","0","0","42","54","1"
"155",9,"Marvin Mims Jr.",DEN,"59.7","0","0","22","377","1","9","30","0"
"156",9,"Donovan Peoples-Jones",DET,"22","0","0","13","155","0","0","0","0"
"157",9,"Jonathan Mingo",CAR,"63.3","0","0","43","418","0","0","0","0"
"158",9,"Chuba Hubbard",CAR,"163","0","0","39","233","0","238","902","5"
"159",9,"K.J. Osborn",MIN,"96","0","0","48","540","3","0","0","0"
"160",9,"Jordan Love",GB,"330.1","4159","32","0","0","0","50","247","4"
"161",9,"Kendre Miller",NO,"38.3","0","0","10","117","0","41","156","1"
"162",9,"Jayden Reed",GB,"185.2","0","0","64","793","8","11","119","2"
"163",9,"Brock Purdy",SF,"306.6","4280","31","0","0","0","39","144","2"
"164",9,"Curtis Samuel",WAS,"126.2","0","0","62","613","4","7","39","1"
"165",9,"Matthew Stafford",LAR,"254.1","3965","24","0","0","0","21","65","0"
"166",9,"Alec Pierce",IND,"79.4","0","0","32","514","2","0","0","0"
"167",9,"Gus Edwards",BAL,"181","0","0","12","180","0","198","810","13"
"168",9,"Isaiah Hodgins",NYG,"49.5","0","0","21","230","3","0","0","0"
"169",9,"D'Onta Foreman",CHI,"85.7","0","0","11","77","1","109","425","4"
"170",9,"Jeff Wilson Jr.",MIA,"34.3","0","0","14","85","0","41","188","0"
"171",9,"Irv Smith Jr.",CIN,"24.5","0","0","18","115","1","0","0","0"
"172",9,"Rashid Shaheed",NO,"132.6","0","0","46","719","5","7","37","0"
"173",9,"Tyjae Spears",TEN,"127.8","0","0","52","385","1","100","453","2"
"174",9,"Marquez Valdes-Scantling",KC,"46","0","0","21","315","1","0","0","0"
"175",9,"Sam Howell",WAS,"278","3946","21","0","0","0","48","263","5"
"176",9,"San Francisco 49ers",SF,"141","0","0","0","0","0","0","0","0"
"177",10,"DeVante Parker",NE,"55.9","0","0","33","394","0","0","0","0"
"178",10,"Clyde Edwards-Helaire",KC,"61.6","0","0","17","188","1","70","223","1"
"179",10,"Hunter Henry",NE,"98.9","0","0","42","419","6","0","0","0"
"180",10,"Dallas Cowboys",DAL,"178","0","0","0","0","0","0","0","0"
"181",10,"Hayden Hurst",CAR,"33.4","0","0","18","184","1","0","0","0"
"182",10,"Darius Slayton",NYG,"126","0","0","50","770","4","0","0","0"
"183",10,"Jerome Ford",CLE,"189.2","0","0","44","319","5","204","813","4"
"184",10,"Rashee Rice",KC,"173","0","0","79","938","7","1","-3","0"
"185",10,"Philadelphia Eagles",PHI,"101","0","0","0","0","0","0","0","0"
"186",10,"Parris Campbell",NYG,"20.4","0","0","20","104","0","0","0","0"
"187",10,"Hunter Renfrow",LV,"36","0","0","25","255","0","0","0","0"
"188",10,"Buffalo Bills",BUF,"159","0","0","0","0","0","0","0","0"
"189",10,"Bryce Young",CAR,"166.4","2877","11","0","0","0","39","253","0"
"190",10,"Justin Tucker",BAL,"160","0","0","0","0","0","0","0","0"
"191",10,"Dawson Knox",BUF,"43.6","0","0","22","186","2","0","0","0"
"192",10,"Zamir White",LV,"66.4","0","0","15","98","0","104","451","1"
"193",10,"New York Jets",NYJ,"154","0","0","0","0","0","0","0","0"
"194",10,"Robert Woods",HOU,"69.3","0","0","40","426","1","1","7","0"
"195",10,"Jalin Hyatt",NYG,"48.8","0","0","23","373","0","0","0","0"
"196",10,"Tyler Bass",BUF,"133","0","0","0","0","0","0","0","0"
"197",10,"New England Patriots",NE,"109","0","0","0","0","0","0","0","0"
"198",10,"Luke Musgrave",GB,"58.2","0","0","34","352","1","0","0","0"
"199",10,"Joshua Kelley",LAC,"57.7","0","0","8","32","0","107","405","2"
"200",10,"Ryan Tannehill",TEN,"87","1616","4","0","0","0","17","74","1"
"201",10,"Harrison Butker",KC,"154","0","0","0","0","0","0","0","0"
"202",10,"Joshua Palmer",LAC,"87.7","0","0","38","581","2","1","6","0"
"203",10,"Baltimore Ravens",BAL,"174","0","0","0","0","0","0","0","0"
"204",10,"Cordarrelle Patterson",ATL,"32.4","0","0","9","38","1","50","181","0"
"205",10,"Jake Ferguson",DAL,"141.6","0","0","71","761","5","0","0","0"
"206",10,"Evan McPherson",CIN,"140","0","0","0","0","0","0","0","0"
"207",10,"Chase Claypool",MIA,"17.7","0","0","8","77","1","0","0","0"
"208",10,"Trey McBride",ARI,"141","0","0","81","825","3","0","0","0"
"209",10,"Daniel Carlson",LV,"121","0","0","0","0","0","0","0","0"
"210",10,"Denver Broncos",DEN,"118","0","0","0","0","0","0","0","0"
"211",10,"Mike Gesicki",NE,"50.9","0","0","29","244","2","0","0","0"
"212",10,"New Orleans Saints",NO,"143","0","0","0","0","0","0","0","0"
"213",10,"Ty Chandler",MIN,"90.5","0","0","21","159","0","102","461","3"
"214",10,"Wan'Dale Robinson",NYG,"103.2","0","0","60","525","1","9","87","1"
"215",10,"Pittsburgh Steelers",PIT,"143","0","0","0","0","0","0","0","0"
"216",10,"John Metchie III",HOU,"24.2","0","0","16","158","0","1","4","0"
"217",10,"Kansas City Chiefs",KC,"134","0","0","0","0","0","0","0","0"
"218",10,"Mecole Hardman Jr.",KC,"18.2","0","0","15","124","0","1","3","0"
"219",10,"Taysom Hill",NO,"127","0","0","33","291","2","81","401","4"
"220",10,"Zack Moss",IND,"156.1","0","0","27","192","2","183","794","5"
"221",10,"Noah Fant",SEA,"57.4","0","0","32","414","0","0","0","0"
"222",10,"Younghoe Koo",ATL,"138","0","0","0","0","0","0","0","0"
"223",10,"Allen Robinson II",PIT,"45","0","0","34","280","0","0","0","0"
"224",10,"Josh Downs",IND,"123.1","0","0","68","771","2","0","0","0"
"225",10,"Miami Dolphins",MIA,"152","0","0","0","0","0","0","0","0"
"226",11,"Kyren Williams",LAR,"239","0","0","32","206","3","228","1144","12"
"227",11,"Evan Hull",IND,"1.2","0","0","1","6","0","1","1","0"
"228",11,"Jimmy Garoppolo",LV,"73.1","1205","7","0","0","0","20","39","0"
"229",11,"C.J. Stroud",HOU,"280.5","4108","23","0","0","0","39","167","3"
"230",11,"Cincinnati Bengals",CIN,"118","0","0","0","0","0","0","0","0"
"231",11,"Michael Mayer",LV,"57.9","0","0","27","304","2","0","0","0"
"232",11,"Mac Jones",NE,"118.4","2120","10","0","0","0","26","96","0"
"233",11,"Washington Commanders",WAS,"64","0","0","0","0","0","0","0","0"
"234",11,"Jason Sanders",MIA,"146","0","0","0","0","0","0","0","0"
"235",11,"Brandon McManus",JAC,"146","0","0","0","0","0","0","0","0"
"236",11,"Cleveland Browns",CLE,"153","0","0","0","0","0","0","0","0"
"237",11,"Tank Dell",HOU,"141.5","0","0","47","709","7","11","51","0"
"238",11,"Jason Myers",SEA,"158","0","0","0","0","0","0","0","0"
"239",11,"Jake Elliott",PHI,"156","0","0","0","0","0","0","0","0"
"240",11,"Deon Jackson",NYG,"1.5","0","0","5","14","0","14","16","0"
"241",11,"Zach Ertz",FA,"38.2","0","0","27","187","1","0","0","0"
"242",11,"Kyler Murray",ARI,"151.4","1799","10","0","0","0","44","244","3"
"243",11,"Green Bay Packers",GB,"115","0","0","0","0","0","0","0","0"
"244",11,"Tampa Bay Buccaneers",TB,"133","0","0","0","0","0","0","0","0"
"245",11,"Los Angeles Chargers",LAC,"112","0","0","0","0","0","0","0","0"
"246",11,"Sean Tucker",TB,"4.2","0","0","2","9","0","15","23","0"
"247",11,"Cade Otton",TB,"93","0","0","47","455","4","0","0","0"
"248",11,"Terrace Marshall Jr.",CAR,"23.4","0","0","19","139","0","0","0","0"
"249",11,"Deuce Vaughn",DAL,"11.5","0","0","7","40","0","23","40","0"
"250",11,"Tyler Conklin",NYJ,"92.6","0","0","61","621","0","1","0","0"
"251",11,"Richie James Jr.",KC,"14.4","0","0","10","114","0","0","0","0"
"252",11,"Graham Gano",NYG,"50","0","0","0","0","0","0","0","0"
"253",11,"Greg Joseph",MIN,"119","0","0","0","0","0","0","0","0"
"254",11,"Chase Edmonds",TB,"32.7","0","0","14","81","0","49","176","0"
"255",11,"Greg Zuerlein",NYJ,"143","0","0","0","0","0","0","0","0"
"256",11,"Desmond Ridder",ATL,"188.6","2836","12","0","0","0","53","193","5"
"257",11,"Jacksonville Jaguars",JAC,"120","0","0","0","0","0","0","0","0"
"258",11,"Kareem Hunt",CLE,"111","0","0","15","84","0","135","411","9"
"259",11,"Josh Reynolds",DET,"108.8","0","0","40","608","5","0","0","0"
"260",11,"Isaiah Likely",BAL,"86.1","0","0","30","411","5","0","0","0"
"261",11,"Michael Carter",ARI,"46.8","0","0","24","101","1","30","187","0"
"262",11,"Chase Brown",CIN,"46.5","0","0","14","156","1","44","179","0"
"263",11,"Mack Hollins",ATL,"34.1","0","0","18","251","0","0","0","0"
"264",11,"Marvin Jones Jr.",FA,"4","0","0","5","35","0","0","0","0"
"265",11,"Puka Nacua",LAR,"246","0","0","105","1486","6","12","89","0"
"266",11,"Wil Lutz",DEN,"129","0","0","0","0","0","0","0","0"
"267",11,"Matt Gay",IND,"157","0","0","0","0","0","0","0","0"
"268",11,"Kendrick Bourne",NE,"81.5","0","0","37","406","4","1","4","0"
"269",11,"Pierre Strong Jr.",CLE,"40.3","0","0","5","47","0","63","291","1"
"270",11,"Michael Wilson",ARI,"95.5","0","0","38","565","3","0","0","0"
"271",11,"Baker Mayfield",TB,"284.1","4044","28","0","0","0","62","163","1"
"272",11,"Keaontay Ingram",KC,"12","0","0","4","26","0","35","74","0"
"273",11,"Tyquan Thornton",NE,"20.7","0","0","13","91","0","3","51","0"
"274",11,"Indianapolis Colts",IND,"139","0","0","0","0","0","0","0","0"
"275",11,"Leonard Fournette",BUF,"4","0","0","0","0","0","12","40","0"
"276",11,"Nick Folk",TEN,"131","0","0","0","0","0","0","0","0"
"277",11,"Sterling Shepard",NYG,"15.3","0","0","10","57","1","1","6","0"
"278",11,"Seattle Seahawks",SEA,"109","0","0","0","0","0","0","0","0"
"279",11,"Carolina Panthers",CAR,"71","0","0","0","0","0","0","0","0"
"280",11,"Jelani Woods",IND,"0","0","0","0","0","0","0","0","0"
"281",11,"Khalil Shakir",BUF,"93.6","0","0","39","611","2","1","10","0"
"282",11,"Riley Patterson",CLE,"93","0","0","0","0","0","0","0","0"
"283",12,"Isaiah Spiller",LAC,"16","0","0","6","34","0","37","96","0"
"284",12,"Logan Thomas",WAS,"99.3","0","0","55","496","4","1","2","0"
"285",12,"Chris Boswell",PIT,"133","0","0","0","0","0","0","0","0"
"286",12,"Zach Evans",LAR,"1.9","0","0","0","0","0","9","19","0"
"287",12,"Latavius Murray",BUF,"74.4","0","0","17","119","0","79","300","4"
"288",12,"Tennessee Titans",TEN,"102","0","0","0","0","0","0","0","0"
"289",12,"New York Giants",NYG,"131","0","0","0","0","0","0","0","0"
"290",12,"Dustin Hopkins",CLE,"149","0","0","0","0","0","0","0","0"
"291",12,"Chris Evans",CIN,"1.6","0","0","1","-1","0","2","12","0"
"292",12,"Jake Moody",SF,"131","0","0","0","0","0","0","0","0"
"293",12,"Los Angeles Rams",LAR,"83","0","0","0","0","0","0","0","0"
"294",12,"Matt Breida",NYG,"38.4","0","0","17","88","0","55","151","1"
"295",12,"Detroit Lions",DET,"107","0","0","0","0","0","0","0","0"
"296",12,"Justyn Ross",KC,"8.3","0","0","6","53","0","0","0","0"
"297",12,"Cameron Dicker",LAC,"151","0","0","0","0","0","0","0","0"
"298",12,"Matt Prater",ARI,"130","0","0","0","0","0","0","0","0"
"299",12,"Israel Abanikanda",NYJ,"12.8","0","0","7","43","0","22","70","0"
"300",12,"Laviska Shenault Jr.",CAR,"16.5","0","0","10","60","0","12","55","0"
"301",12,"Cairo Santos",CHI,"158","0","0","0","0","0","0","0","0"
"302",12,"Quez Watkins",PHI,"27.7","0","0","15","142","1","0","0","0"
"303",12,"Cedric Tillman",CLE,"33.7","0","0","21","224","0","1","8","0"
"304",12,"Braxton Berrios",MIA,"44.4","0","0","27","238","1","1","11","0"
"305",12,"Isaiah McKenzie",IND,"11.1","0","0","11","82","0","3","14","0"
"306",12,"Boston Scott",PHI,"13.8","0","0","4","52","0","20","86","0"
"307",12,"Jordan Mason",SF,"43.2","0","0","3","31","0","40","206","3"
"308",12,"Nick Westbrook-Ikhine",TEN,"71","0","0","28","370","3","0","0","0"
"309",12,"Minnesota Vikings",MIN,"124","0","0","0","0","0","0","0","0"
"310",12,"Ka'imi Fairbairn",HOU,"114","0","0","0","0","0","0","0","0"
"311",12,"JaMycal Hasty",NE,"0","0","0","0","0","0","0","0","0"
"312",12,"Rico Dowdle",DAL,"83","0","0","17","144","2","89","361","2"
"313",12,"D'Ernest Johnson",JAC,"29.8","0","0","10","140","0","41","108","0"
"314",12,"Kayshon Boutte",NE,"2.9","0","0","2","19","0","0","0","0"
"315",12,"Tutu Atwell",LAR,"92.9","0","0","39","483","3","5","31","0"
"316",12,"Devin Duvernay",BAL,"5.3","0","0","4","18","0","4","15","0"
"317",12,"Austin Hooper",LV,"35.9","0","0","25","234","0","0","0","0"
"318",12,"Salvon Ahmed",MIA,"34.9","0","0","16","88","1","22","61","1"
"319",12,"Daniel Bellinger",NYG,"38","0","0","25","255","0","0","0","0"
"320",12,"Tyrion Davis-Price",SF,"2.1","0","0","0","0","0","6","21","0"
"321",12,"Ronald Jones II",FA,"0","0","0","0","0","0","0","0","0"
"322",12,"Deonte Harty",BUF,"32.5","0","0","15","150","1","4","0","0"
"323",12,"Trayveon Williams",CIN,"11.4","0","0","7","10","0","15","69","0"
"324",12,"Trey Palmer",TB,"76.2","0","0","39","385","3","3","22","0"
"325",12,"Greg Dortch",ARI,"52.5","0","0","24","280","2","1","5","0"
"326",13,"Myles Gaskin",MIN,"0","0","0","0","0","0","0","0","0"
"327",13,"Brett Maher",LAR,"77","0","0","0","0","0","0","0","0"
"328",13,"Eric Gray",NYG,"10","0","0","6","22","0","17","48","0"
"329",13,"Adam Trautman",DEN,"49.4","0","0","22","204","3","0","0","0"
"330",13,"Jacoby Brissett",WAS,"22.9","224","3","0","0","0","3","19","0"
"331",13,"Zonovan Knight",DET,"2.6","0","0","1","8","0","3","13","0"
"332",13,"DeeJay Dallas",SEA,"5.2","0","0","6","26","0","10","36","0"
"333",13,"David Bell",CLE,"41.7","0","0","14","167","3","0","0","0"
"334",13,"DeWayne McBride",MIN,"0","0","0","0","0","0","0","0","0"
"335",13,"Randall Cobb",NYJ,"14.4","0","0","5","39","1","0","0","0"
"336",13,"Eddy Pineiro",CAR,"109","0","0","0","0","0","0","0","0"
"337",13,"Nelson Agholor",BAL,"79.6","0","0","35","381","4","0","0","0"
"338",13,"Joshua Dobbs",MIN,"210.7","2464","13","0","0","0","77","421","6"
"339",13,"Luke Schoonmaker",DAL,"22.5","0","0","8","65","2","0","0","0"
"340",13,"Noah Gray",KC,"56.6","0","0","28","305","2","1","1","0"
"341",13,"James Robinson",NO,"0.5","0","0","1","-2","0","1","2","0"
"342",13,"Kyle Philips",TEN,"23.6","0","0","15","181","0","0","0","0"
"343",13,"Brandon Aubrey",DAL,"181","0","0","0","0","0","0","0","0"
"344",13,"Michael Badgley",DET,"26","0","0","0","0","0","0","0","0"
"345",13,"Noah Brown",HOU,"85.1","0","0","33","567","2","1","-1","0"
"346",13,"Ke'Shawn Vaughn",NE,"5.4","0","0","2","2","0","24","42","0"
"347",13,"Malik Davis",DAL,"0","0","0","0","0","0","0","0","0"
"348",13,"Jonnu Smith",ATL,"99.2","0","0","50","582","3","1","0","0"
"349",13,"Kyle Trask",TB,"-0.1","0","0","0","0","0","1","-1","0"
"350",13,"Robert Tonyan",CHI,"16.7","0","0","11","112","0","0","0","0"
"351",13,"Melvin Gordon III",BAL,"18.2","0","0","3","46","0","26","81","1"
"352",13,"Joey Slye",WAS,"102","0","0","0","0","0","0","0","0"
"353",13,"Arizona Cardinals",ARI,"65","0","0","0","0","0","0","0","0"
"354",13,"Cade York",NYG,"0","0","0","0","0","0","0","0","0"
"355",13,"Cole Turner",WAS,"17.5","0","0","11","120","0","0","0","0"
"356",13,"Jauan Jennings",SF,"42","0","0","19","265","1","0","0","0"
"357",13,"Justice Hill",BAL,"95.3","0","0","28","206","1","84","387","3"
"358",13,"Foster Moreau",NO,"35.8","0","0","21","193","1","0","0","0"
"359",13,"Durham Smythe",MIA,"54.1","0","0","35","366","0","0","0","0"
"360",13,"Calvin Austin III",PIT,"44.2","0","0","17","180","1","11","57","1"
"361",13,"Chris Rodriguez Jr.",WAS,"36.9","0","0","2","12","0","51","247","2"
"362",13,"Trent Sherfield",BUF,"20.1","0","0","11","86","1","0","0","0"
"363",13,"Will Levis",TEN,"106","1808","8","0","0","0","25","57","1"
"364",13,"Trey Lance",DAL,"0","0","0","0","0","0","0","0","0"
"365",13,"Ben Skowronek",LAR,"17.5","0","0","8","66","1","2","9","0"
"366",13,"Ryan Succop",FA,"0","0","0","0","0","0","0","0","0"
"367",13,"Robbie Gould",FA,"0","0","0","0","0","0","0","0","0"
"368",13,"Darnell Washington",PIT,"9.6","0","0","7","61","0","0","0","0"
"369",13,"Ameer Abdullah",LV,"31.5","0","0","19","131","0","15","89","0"
"370",13,"Sam Darnold",SF,"24.4","297","2","0","0","0","21","15","1"
"371",13,"Atlanta Falcons",ATL,"95","0","0","0","0","0","0","0","0"
"372",13,"Kalif Raymond",DET,"79.9","0","0","35","489","1","7","75","0"
"373",13,"Jalen Tolbert",DAL,"47.8","0","0","22","268","2","0","0","0"
"374",13,"Raheem Blackshear",CAR,"14.1","0","0","6","45","0","14","46","0"
"375",13,"Demario Douglas",NE,"82.7","0","0","49","561","0","8","41","0"
"376",13,"Will Dissly",SEA,"31.7","0","0","17","172","1","0","0","0"
"377",13,"Clayton Tune",ARI,"9.5","62","0","0","0","0","8","30","1"
"378",13,"Donald Parham Jr.",LAC,"66","0","0","27","285","4","0","0","0"
"379",13,"Albert Okwuegbunam",PHI,"0","0","0","0","0","0","0","0","0"
"380",13,"A.T. Perry",NO,"54.6","0","0","12","246","4","0","0","0"
"381",13,"Chicago Bears",CHI,"120","0","0","0","0","0","0","0","0"
"382",13,"Jaleel McLaughlin",DEN,"90.5","0","0","31","160","2","76","410","1"
"383",13,"Houston Texans",HOU,"131","0","0","0","0","0","0","0","0"
"384",13,"Olamide Zaccheaus",PHI,"33.4","0","0","10","164","2","0","0","0"
"385",13,"Cedrick Wilson Jr.",MIA,"58.6","0","0","22","296","3","0","0","0"
"386",13,"C.J. Uzomah",NYJ,"15.8","0","0","8","58","1","0","0","0"
"387",13,"Kylen Granson",IND,"58","0","0","30","368","1","1","2","0"
"388",13,"KJ Hamler",IND,"0","0","0","0","0","0","0","0","0"
"389",13,"Chad Ryland",NE,"81","0","0","0","0","0","0","0","0"
"390",13,"Tucker Kraft",GB,"63","0","0","31","355","2","0","0","0"
"391",13,"Tyler Scott",CHI,"27.4","0","0","17","168","0","7","41","0"
"392",13,"Dyami Brown",WAS,"29","0","0","12","168","1","1","0","0"
"393",13,"Xavier Hutchinson",HOU,"17.9","0","0","8","90","0","5","49","0"
"394",13,"Mo Alie-Cox",IND,"42.6","0","0","13","161","3","0","0","0"
"395",13,"Justin Watson",KC,"75.5","0","0","27","460","3","0","0","0"
"396",14,"Kenny McIntosh",SEA,"0","0","0","0","0","0","0","0","0"
"397",14,"Kene Nwangwu",MIN,"1.3","0","0","0","0","0","5","13","0"
"398",14,"Blake Grupe",NO,"150","0","0","0","0","0","0","0","0"
"399",14,"Chris Moore",TEN,"57.3","0","0","22","424","0","2","39","0"
"400",14,"Mason Crosby",NYG,"23","0","0","0","0","0","0","0","0"
"401",14,"Jamal Agnew",JAC,"33.3","0","0","14","225","1","4","-2","0"
"402",14,"Harrison Bryant",CLE,"31.4","0","0","13","81","3","5","8","0"
"403",14,"J.D. McKissic",FA,"0","0","0","0","0","0","0","0","0"
"404",14,"Robbie Chosen",MIA,"20.6","0","0","4","126","1","0","0","0"
"405",14,"Rodrigo Blankenship",FA,"0","0","0","0","0","0","0","0","0"
"406",14,"Anders Carlson",GB,"125","0","0","0","0","0","0","0","0"
"407",14,"Demarcus Robinson",LAR,"74.4","0","0","26","371","4","1","23","0"
"408",14,"Chase McLaughlin",TB,"136","0","0","0","0","0","0","0","0"
"409",14,"Brevin Jordan",HOU,"42.4","0","0","17","219","2","0","0","0"
"410",14,"Craig Reynolds",DET,"27.1","0","0","5","47","0","41","179","1"
"411",14,"Marquez Callaway",NO,"0","0","0","0","0","0","0","0","0"
"412",14,"Zach Pascal",ARI,"3.9","0","0","4","19","0","0","0","0"
"413",14,"Kenyan Drake",GB,"2.1","0","0","2","31","0","2","0","0"
"414",14,"Gardner Minshew II",IND,"205.2","3305","15","0","0","0","34","100","3"
"415",14,"Taylor Heinicke",ATL,"70","890","5","0","0","0","15","124","1"
"416",14,"Deneric Prince",KC,"0","0","0","0","0","0","0","0","0"
"417",14,"Tristan Vizcaino",FA,"0","0","0","0","0","0","0","0","0"
"418",14,"Kyle Juszczyk",SF,"31.5","0","0","14","119","2","5","6","0"
"419",14,"Las Vegas Raiders",LV,"146","0","0","0","0","0","0","0","0"
"420",14,"Brock Wright",DET,"21.6","0","0","13","91","1","0","0","0"
"421",14,"Dontrell Hilliard",FA,"0","0","0","0","0","0","0","0","0"
"422",14,"Julius Chestnut",TEN,"0","0","0","0","0","0","0","0","0"
"423",14,"Jordan Akins",CLE,"20.7","0","0","15","132","0","0","0","0"
"424",14,"Trenton Irwin",CIN,"50.1","0","0","25","316","1","0","0","0"
"425",14,"KhaDarel Hodge",ATL,"30.2","0","0","14","232","0","1","0","0"
"426",14,"Deven Thompkins",TB,"26.4","0","0","17","83","1","8","56","0"
"427",14,"Jamison Crowder",WAS,"27.9","0","0","16","159","1","0","0","0"
"428",14,"Jarvis Landry",FA,"0","0","0","0","0","0","0","0","0"
"429",14,"Darrell Henderson Jr.",FA,"38.5","0","0","10","103","0","46","112","2"
"430",14,"Samori Toure",GB,"11.8","0","0","8","78","0","0","0","0"
"431",14,"Peyton Hendershot",DAL,"5.8","0","0","4","38","0","1","0","0"
"432",14,"Colby Parkinson",SEA,"49.2","0","0","25","247","2","0","0","0"
"433",14,"DeAndre Carter",LV,"7.7","0","0","4","39","0","3","18","0"
"434",14,"Parker Washington",JAC,"31.2","0","0","16","132","2","0","0","0"
"435",14,"Tommy Tremble",CAR,"48.9","0","0","23","194","3","0","0","0"
"436",14,"Julio Jones",PHI,"30.9","0","0","11","74","3","0","0","0"
"437",14,"Jalen Nailor",MIN,"4.4","0","0","3","29","0","0","0","0"
"438",14,"Brandon Johnson",DEN,"63.9","0","0","19","284","4","0","0","0"
"439",14,"Josh Oliver",MIN,"42.3","0","0","22","213","2","0","0","0"
"440",14,"Charlie Jones",CIN,"17.2","0","0","7","64","0","2","13","0"
"441",14,"Mike White",MIA,"3.1","74","1","0","0","0","8","-9","0"
"442",14,"Ronnie Rivers",LAR,"17.6","0","0","5","22","0","32","129","0"
"443",14,"Brenton Strange",JAC,"12","0","0","5","35","1","0","0","0"
"444",14,"Mike Boone",CAR,"9.8","0","0","7","40","0","5","23","0"
"445",14,"Ty Montgomery II",FA,"7.4","0","0","5","40","0","3","9","0"
"446",14,"Marquise Goodwin",CLE,"12","0","0","4","67","0","4","33","0"
"447",14,"Velus Jones Jr.",CHI,"9.1","0","0","4","20","0","8","51","0"
"448",14,"Aidan O'Connell",LV,"132.8","2218","12","0","0","0","17","11","1"
"449",14,"Darrel Williams",FA,"0","0","0","0","0","0","0","0","0"
"450",14,"Kevin Harris",NE,"19.8","0","0","3","58","0","16","65","1"
"451",14,"Emari Demercado",ARI,"62.8","0","0","21","119","0","58","284","2"
"452",14,"Jeremy Ruckert",NYJ,"23.1","0","0","16","151","0","0","0","0"
"453",14,"Tre'Quan Smith",DEN,"0","0","0","0","0","0","0","0","0"
"454",14,"Scott Miller",ATL,"33.6","0","0","11","161","2","0","0","0"
"455",14,"Brandon Bolden",LV,"11.1","0","0","0","0","0","4","31","1"
"456",14,"Dontayvion Wicks",GB,"100.3","0","0","39","581","4","1","1","0"
"457",14,"Jameis Winston",NO,"15","264","2","0","0","0","5","-6","0"
"458",14,"Jimmy Graham",NO,"30.9","0","0","6","39","4","0","0","0"
"459",15,"Keaton Mitchell",BAL,"65.4","0","0","9","93","0","47","396","2"
"460",15,"Ty Johnson",BUF,"28.9","0","0","7","62","1","30","132","0"
"461",15,"Andrei Iosivas",CIN,"43.1","0","0","15","116","4","0","0","0"
"462",15,"Mark Ingram II",FA,"0","0","0","0","0","0","0","0","0"
"463",15,"Rakim Jarrett",TB,"8","0","0","4","60","0","1","0","0"
"464",15,"Equanimeous St. Brown",CHI,"8.7","0","0","5","62","0","0","0","0"
"465",15,"Travis Homer",CHI,"0","0","0","0","0","0","0","0","0"
"466",15,"Jalen Guyton",LAC,"19.9","0","0","10","89","1","0","0","0"
"467",15,"Tanner Brown",FA,"0","0","0","0","0","0","0","0","0"
"468",15,"Teagan Quitoriano",HOU,"4.3","0","0","2","33","0","0","0","0"
"469",15,"Colt McCoy",FA,"0","0","0","0","0","0","0","0","0"
"470",15,"Ian Thomas",CAR,"8.1","0","0","5","56","0","0","0","0"
"471",15,"Emanuel Wilson",GB,"12.8","0","0","4","23","0","14","85","0"
"472",15,"Chris Brooks",MIA,"10.6","0","0","0","0","0","19","106","0"
"473",15,"Anthony McFarland Jr.",PIT,"2.1","0","0","2","11","0","0","0","0"
"474",15,"Corey Clement",FA,"0","0","0","0","0","0","0","0","0"
"475",15,"Erik Ezukanma",MIA,"2.2","0","0","0","0","0","5","22","0"
"476",15,"John Bates",WAS,"24.6","0","0","19","151","0","0","0","0"
"477",15,"Kenny Golladay",FA,"0","0","0","0","0","0","0","0","0"
"478",15,"Tyler Huntley",BAL,"25.6","203","3","0","0","0","15","55","0"
"479",15,"Elijah Higgins",ARI,"29.3","0","0","14","163","1","0","0","0"
"480",15,"James Mitchell",DET,"3.8","0","0","2","28","0","0","0","0"
"481",15,"Dare Ogunbowale",HOU,"9.3","0","0","2","18","0","8","35","0"
"482",15,"Josiah Deguara",GB,"10.5","0","0","8","65","0","0","0","0"
"483",15,"Josh Whyle",TEN,"19.9","0","0","9","94","1","0","0","0"
"484",15,"Ko Kieft",TB,"6.7","0","0","1","2","1","0","0","0"
"485",15,"Rex Burkhead",FA,"0","0","0","0","0","0","0","0","0"
"486",15,"Malik Willis",TEN,"3.1","74","0","0","0","0","5","21","0"
"487",15,"Tre Tucker",LV,"62.3","0","0","19","331","2","10","77","0"
"488",15,"Elijah Dotson",LAC,"2.9","0","0","2","13","0","4","6","0"
"489",15,"Zach Wilson",NYJ,"126.9","2271","8","0","0","0","36","211","0"
"490",15,"Hunter Long",LAR,"0","0","0","0","0","0","0","0","0"
"491",15,"Brandon Powell",MIN,"52.6","0","0","29","324","1","5","17","0"
"492",15,"Jason Brownlee",NYJ,"14.1","0","0","5","56","1","0","0","0"
"493",15,"Bailey Zappe",NE,"78.2","1272","6","0","0","0","17","83","1"
"494",15,"Danny Gray",SF,"0","0","0","0","0","0","0","0","0"
"495",15,"Jarrett Stidham",DEN,"27.6","496","2","0","0","0","9","8","0"
"496",15,"Justin Shorter",BUF,"0","0","0","0","0","0","0","0","0"
"497",15,"Randy Bullock",NYG,"29","0","0","0","0","0","0","0","0"
"498",15,"River Cracraft",MIA,"22.6","0","0","9","121","1","0","0","0"
"499",15,"Andy Dalton",CAR,"23.6","361","2","0","0","0","3","12","0"
"500",15,"Brycen Hopkins",LAR,"10.3","0","0","5","78","0","0","0","0"
"501",15,"Tyler Kroft",MIA,"0","0","0","0","0","0","0","0","0"
"502",15,"Alec Ingold",MIA,"18.4","0","0","13","119","0","2","0","0"
"503",15,"Connor Heyward",PIT,"28.2","0","0","23","167","0","1","0","0"
"504",15,"Dee Eskridge",SEA,"0.5","0","0","0","0","0","2","5","0"
"505",15,"Tre' McKitty",BUF,"0","0","0","0","0","0","0","0","0"
"506",15,"Tyler Davis",FA,"0","0","0","0","0","0","0","0","0"
"507",15,"Derius Davis",LAC,"28.2","0","0","15","66","0","14","101","0"
"508",15,"Shi Smith",TEN,"0","0","0","0","0","0","0","0","0"
"509",15,"Brian Hoyer",LV,"6.9","231","0","0","0","0","3","-3","0"
"510",15,"Jack Stoll",PHI,"6.3","0","0","5","38","0","0","0","0"
"511",15,"Gary Brightwell",NYG,"9.1","0","0","5","47","0","9","19","0"
"512",15,"Drew Sample",CIN,"39.3","0","0","22","163","2","0","0","0"
"513",15,"Johnny Mundt",MIN,"31.7","0","0","17","172","1","0","0","0"
"514",15,"Trey Sermon",IND,"18.8","0","0","3","13","0","35","160","0"
"515",15,"Caleb Shudak",FA,"0","0","0","0","0","0","0","0","0"
"516",15,"Zack Kuntz",NYJ,"0","0","0","0","0","0","0","0","0"
"517",15,"N'Keal Harry",MIN,"0","0","0","0","0","0","0","0","0"
"518",15,"Carson Wentz",LAR,"27.1","163","2","0","0","0","17","56","1"
"519",15,"Trevon Wesco",TEN,"2.6","0","0","1","21","0","0","0","0"
"520",15,"Byron Pringle",WAS,"21.1","0","0","14","161","0","0","0","0"
"521",15,"Charlie Kolar",BAL,"18.2","0","0","7","87","1","0","0","0"
"522",15,"Malik Heath",GB,"26","0","0","15","125","1","0","0","0"
"523",15,"Marcus Mariota",PHI,"12.8","164","1","0","0","0","8","52","0"
"524",15,"Demetric Felton Jr.",CIN,"0","0","0","0","0","0","0","0","0"
"525",15,"Quintin Morris",BUF,"9.6","0","0","2","26","1","0","0","0"
"526",15,"Denzel Mims",PIT,"0","0","0","0","0","0","0","0","0"
"527",15,"Nick Bawden",NYJ,"10","0","0","3","21","0","2","4","1"
"528",15,"Ray-Ray McCloud III",SF,"22.5","0","0","12","135","0","3","30","0"
"529",15,"Mitchell Wilcox",CIN,"10.1","0","0","9","56","0","0","0","0"
"530",15,"Blake Bell",KC,"9.1","0","0","5","26","1","0","0","0"
"531",15,"Luke Farrell",JAC,"22","0","0","13","155","0","0","0","0"
"532",15,"Sammy Watkins",FA,"0","0","0","0","0","0","0","0","0"
"533",15,"Davis Mills",HOU,"17.8","173","2","0","0","0","2","9","0"
"534",15,"Grant Calcaterra",PHI,"5.9","0","0","4","39","0","0","0","0"
"535",15,"David Moore",TB,"17.9","0","0","5","94","1","0","0","0"
"536",15,"Dorian Thompson-Robinson",CLE,"26.1","440","1","0","0","0","14","65","0"
"537",15,"Tanner Conner",MIA,"0","0","0","0","0","0","0","0","0"
"538",15,"O.J. Howard",FA,"0","0","0","0","0","0","0","0","0"
"539",15,"Tylan Wallace",BAL,"7.6","0","0","1","11","0","0","0","0"
"540",15,"Stetson Bennett",LAR,"0","0","0","0","0","0","0","0","0"
"541",15,"Keith Kirkwood",NO,"12.2","0","0","5","37","1","0","0","0"
"542",15,"Andrew Ogletree",IND,"31.2","0","0","9","147","2","0","0","0"
"543",15,"Jesper Horsted",LV,"0.9","0","0","1","4","0","0","0","0"
"544",15,"C.J. Ham",MIN,"6.7","0","0","7","25","0","1","7","0"
"545",15,"Ronnie Bell",SF,"27.8","0","0","6","68","3","0","0","0"
"546",15,"Jody Fortson",KC,"0","0","0","0","0","0","0","0","0"
"547",15,"Caleb Huntley",FA,"0","0","0","0","0","0","0","0","0"
"548",15,"Tony Jones Jr.",ARI,"28.7","0","0","7","37","0","26","95","2"
"549",15,"Ihmir Smith-Marsette",CAR,"28.5","0","0","8","51","0","8","74","1"
"550",15,"Tiyon Evans",FA,"0","0","0","0","0","0","0","0","0"
"551",15,"Ross Dwelley",SF,"1.7","0","0","1","12","0","0","0","0"
"552",15,"Jalen Reagor",NE,"25","0","0","7","138","0","1","17","0"
"553",15,"Hendon Hooker",DET,"0","0","0","0","0","0","0","0","0"
"554",15,"Will Mallory",IND,"29.7","0","0","18","207","0","0","0","0"
"555",16,"MyCole Pruitt",ATL,"21.5","0","0","9","110","1","0","0","0"
"556",16,"Chris Manhertz",DEN,"2.6","0","0","2","16","0","0","0","0"
"557",16,"Cam Sims",CAR,"0","0","0","0","0","0","0","0","0"
"558",16,"Julian Hill",MIA,"5.8","0","0","6","48","0","0","0","0"
"559",16,"Snoop Conner",JAC,"0","0","0","0","0","0","0","0","0"
"560",16,"Scotty Washington",BAL,"0","0","0","0","0","0","0","0","0"
"561",16,"Davis Allen",LAR,"20.5","0","0","10","95","1","0","0","0"
"562",16,"Jake Bobo",SEA,"47.4","0","0","19","196","2","1","3","1"
"563",16,"Anthony Schwartz",MIA,"0","0","0","0","0","0","0","0","0"
"564",16,"Marcedes Lewis",CHI,"10.9","0","0","4","29","1","0","0","0"
"565",16,"Teddy Bridgewater",DET,"-0.2","0","0","0","0","0","2","-2","0"
"566",16,"Elijah Cooks",JAC,"5.3","0","0","3","38","0","0","0","0"
"567",16,"Tyler Davis",GB,"0","0","0","0","0","0","0","0","0"
"568",16,"Patrick Ricard",BAL,"13.7","0","0","5","52","1","0","0","0"
"569",16,"Giovanni Ricci",CAR,"0.7","0","0","1","2","0","0","0","0"
"570",16,"Jakob Johnson",LV,"1.7","0","0","1","12","0","0","0","0"
"571",16,"Matt Corral",FA,"0","0","0","0","0","0","0","0","0"
"572",16,"Tyrod Taylor",NYG,"90.3","1341","5","0","0","0","38","197","0"
"573",16,"Sean Clifford",GB,"1.3","37","0","0","0","0","3","-2","0"
"574",16,"Shane Zylstra",DET,"0","0","0","0","0","0","0","0","0"
"575",16,"Dareke Young",SEA,"0","0","0","0","0","0","0","0","0"
"576",16,"Armani Rogers",WAS,"0","0","0","0","0","0","0","0","0"
"577",16,"Blaine Gabbert",KC,"8.9","185","0","0","0","0","7","45","0"
"578",16,"Eric Saubert",HOU,"2.7","0","0","3","12","0","0","0","0"
"579",16,"Jake Browning",CIN,"150.9","1936","12","0","0","0","27","127","3"
"580",16,"Easton Stick",LAC,"68.1","1129","3","0","0","0","27","144","1"
"581",16,"Andrew Beck",HOU,"33.3","0","0","11","55","2","5","3","1"
"582",16,"Jalen Brooks",DAL,"9.4","0","0","6","64","0","0","0","0"
"583",16,"Cooper Rush",DAL,"4.3","144","0","0","0","0","12","-5","0"
"584",16,"Tommy Sweeney",FA,"0","0","0","0","0","0","0","0","0"
"585",16,"KaVontae Turpin",DAL,"53.7","0","0","12","127","3","11","110","1"
"586",16,"Montrell Washington",KC,"0","0","0","0","0","0","0","0","0"
"587",16,"Bryan Edwards",FA,"0","0","0","0","0","0","0","0","0"
"588",16,"Payne Durham",TB,"8.3","0","0","5","58","0","0","0","0"
"589",16,"Phillip Dorsett II",DEN,"0","0","0","0","0","0","0","0","0"
"590",16,"Pharaoh Brown",NE,"31.3","0","0","13","208","1","0","0","0"
"591",16,"Gunner Olszewski",NYG,"2.5","0","0","1","0","0","0","0","0"
"592",16,"Lil'Jordan Humphrey",DEN,"40.7","0","0","13","162","3","0","0","0"
"593",16,"Dax Milne",WAS,"0","0","0","0","0","0","0","0","0"
"594",16,"Charlie Woerner",SF,"4.7","0","0","3","32","0","0","0","0"
"595",16,"Mitch Trubisky",PIT,"53.7","632","4","0","0","0","16","54","2"
"596",16,"Drew Lock",SEA,"32.1","543","3","0","0","0","5","14","0"
"597",16,"Kristian Wilkerson",LV,"0","0","0","0","0","0","0","0","0"
"598",16,"Geoff Swaim",ARI,"14.4","0","0","10","94","0","0","0","0"
"599",16,"Colton Dowell",TEN,"0.8","0","0","1","3","0","0","0","0"
"600",16,"Tim Jones",JAC,"13.8","0","0","11","83","0","0","0","0"
"601",16,"C.J. Beathard",JAC,"21.5","349","1","0","0","0","8","35","0"
"602",16,"Miles Boykin",PIT,"3.2","0","0","3","17","0","0","0","0"