RK,TIERS,PLAYER NAME,TEAM,FAN PTS,PASS YDS,PASS TDS,REC,REC YDS,REC TDS,ATT,RUSH YDS,RUSH TDS
1,1,Jonathan Taylor,IND,353.1,0,0,40,360,2,332,1811,18
2,1,Christian McCaffrey,CAR,109,0,0,37,343,1,99,442,1
3,1,Austin Ekeler,LAC,308.8,0,0,70,647,8,206,911,12
4,1,Justin Jefferson,MIN,276.4,0,0,108,1616,10,6,14,0
5,1,Dalvin Cook,MIN,189.3,0,0,34,224,0,249,1159,6
6,1,Derrick Henry,TEN,184.3,0,0,18,154,0,219,937,10
7,1,Cooper Kupp,LAR,367,0,0,145,1947,16,4,18,0
8,2,Ja'Marr Chase,CIN,264.1,0,0,81,1455,13,7,21,0
9,2,Najee Harris,PIT,263.7,0,0,74,467,3,307,1200,7
10,2,Joe Mixon,CIN,266.9,0,0,42,314,3,292,1205,13
11,2,D'Andre Swift,DET,177.9,0,0,62,452,2,151,617,5
12,2,Stefon Diggs,BUF,234,0,0,103,1225,10,0,0,0
13,2,Travis Kelce,KC,216.8,0,0,92,1125,9,2,3,1
14,2,Alvin Kamara,NO,211.2,0,0,47,439,5,240,898,4
15,2,Davante Adams,LV,282.8,0,0,123,1553,11,0,0,0
16,3,Saquon Barkley,NYG,128.1,0,0,41,263,2,162,593,2
17,3,CeeDee Lamb,DAL,193.3,0,0,79,1102,6,9,76,0
18,3,Aaron Jones,GB,203,0,0,52,391,6,171,799,4
19,3,Leonard Fournette,TB,221.1,0,0,69,454,2,180,812,8
20,3,Deebo Samuel,SF,300.46,0,0,77,1405,6,59,365,8
21,3,Nick Chubb,CLE,205.3,0,0,20,174,1,228,1259,8
22,3,Mark Andrews,BAL,247.6,0,0,107,1361,9,1,0,0
23,3,Javonte Williams,DEN,183.4,0,0,43,316,3,203,903,4
24,3,Mike Evans,TB,225.5,0,0,74,1035,14,1,10,0
25,3,Tyreek Hill,MIA,241,0,0,111,1239,9,9,96,0
26,4,A.J. Brown,PHI,149.4,0,0,63,869,5,2,10,0
27,4,Tee Higgins,CIN,182.1,0,0,74,1091,6,0,0,0
28,4,James Conner,ARI,239.2,0,0,37,375,3,202,752,15
29,4,Michael Pittman Jr.,IND,194.6,0,0,88,1082,6,5,44,0
30,4,Keenan Allen,LAC,204.8,0,0,106,1138,6,0,0,0
31,4,Ezekiel Elliott,DAL,228.56,0,0,47,287,2,237,1002,10
32,4,Kyle Pitts,ATL,142.6,0,0,68,1026,1,0,0,0
33,4,Josh Allen,BUF,417.58,4407,36,0,0,0,122,763,6
34,4,DJ Moore,CAR,191,0,0,93,1157,4,8,48,0
35,4,Travis Etienne Jr.,JAC,0,0,0,0,0,0,0,0,0
36,4,Mike Williams,LAC,208.6,0,0,76,1146,9,0,0,0
37,4,Courtland Sutton,DEN,121.24,0,0,58,776,2,0,0,0
38,4,Breece Hall,NYJ,0,0,0,0,0,0,0,0,0
39,4,David Montgomery,CHI,175,0,0,42,301,0,225,849,7
40,4,Diontae Johnson,PIT,220.9,0,0,107,1161,8,5,53,0
41,5,Terry McLaurin,WAS,175,0,0,77,1053,5,1,12,0
42,5,Justin Herbert,LAC,395.76,5014,38,0,0,0,63,302,3
43,5,Jaylen Waddle,MIA,193.8,0,0,104,1015,6,2,3,1
44,5,Cam Akers,LAR,2.8,0,0,3,10,0,5,3,0
45,5,Brandin Cooks,HOU,186.8,0,0,90,1037,6,2,21,0
46,5,AJ Dillon,GB,168.6,0,0,34,313,2,187,803,5
47,5,Elijah Mitchell,SF,155.5,0,0,19,137,1,207,963,5
48,5,Patrick Mahomes II,KC,374.22,4828,37,0,0,0,66,381,2
49,5,George Kittle,SF,162.5,0,0,71,910,6,3,20,0
50,5,J.K. Dobbins,BAL,0,0,0,0,0,0,0,0,0
51,5,DK Metcalf,SEA,206.8,0,0,75,967,12,1,6,0
52,5,Lamar Jackson,BAL,252.98,2882,16,0,0,0,134,767,2
53,5,Allen Robinson II,LAR,68,0,0,38,410,1,0,0,0
54,5,Josh Jacobs,LV,199,0,0,54,348,0,217,872,9
55,5,Darren Waller,LV,106,0,0,55,665,2,0,0,0
56,5,Marquise Brown,ARI,180.8,0,0,91,1008,6,1,5,0
57,5,Darnell Mooney,CHI,179.2,0,0,81,1055,4,6,32,1
58,5,Antonio Gibson,WAS,208.1,0,0,42,294,3,258,1037,7
59,6,Kyler Murray,ARI,310.48,3787,24,0,0,0,88,423,5
60,6,Jerry Jeudy,DEN,66,0,0,38,467,0,2,3,0
61,6,Gabriel Davis,BUF,108.4,0,0,35,549,6,0,0,0
62,6,Chase Edmonds,MIA,121.8,0,0,43,311,0,116,592,2
63,6,Jalen Hurts,PHI,321.16,3144,16,0,0,0,139,784,10
64,6,Rashod Bateman,BAL,80.5,0,0,46,515,1,0,0,0
65,6,Dalton Schultz,DAL,169.8,0,0,78,808,8,0,0,0
66,6,Chris Godwin,TB,193.4,0,0,98,1103,5,4,21,1
67,6,Michael Thomas,NO,0,0,0,0,0,0,0,0,0
68,6,Clyde Edwards-Helaire,KC,107,0,0,19,118,2,119,517,4
69,6,Amon-Ra St. Brown,DET,182.3,0,0,90,912,5,7,61,1
70,6,Damien Harris,NE,201.1,0,0,18,132,0,202,929,15
71,6,JuJu Smith-Schuster,KC,27.3,0,0,15,129,0,3,9,1
72,6,Amari Cooper,CLE,168.5,0,0,68,865,8,0,0,0
73,6,Miles Sanders,PHI,104.2,0,0,26,158,0,137,754,0
74,6,Elijah Moore,NYJ,116.7,0,0,43,538,5,5,54,1
75,6,Rashaad Penny,SEA,118.7,0,0,6,48,0,119,749,6
76,6,Joe Burrow,CIN,328.24,4611,34,0,0,0,40,118,2
77,6,Kareem Hunt,CLE,99,0,0,22,174,0,78,386,5
78,6,Tony Pollard,DAL,143.1,0,0,39,337,0,130,719,2
79,6,Dameon Pierce,HOU,0,0,0,0,0,0,0,0,0
80,6,Rhamondre Stevenson,NE,107.9,0,0,14,123,0,133,606,5
81,6,Dallas Goedert,PHI,137,0,0,56,830,4,0,0,0
82,6,Adam Thielen,MIN,166.3,0,0,67,726,10,1,2,0
83,6,Tom Brady,TB,386.74,5316,43,0,0,0,28,81,2
84,6,Russell Wilson,DEN,248.82,3113,25,0,0,0,43,183,2
85,6,T.J. Hockenson,DET,114.8,0,0,61,583,4,0,0,0
86,6,Cordarrelle Patterson,ATL,208.6,0,0,52,548,5,153,618,6
87,6,Devin Singletary,BUF,177.8,0,0,40,228,1,188,870,7
88,7,Brandon Aiyuk,SF,142.3,0,0,56,826,5,5,17,0
89,7,Dak Prescott,DAL,330.56,4449,37,0,0,0,48,146,1
90,7,DeVonta Smith,PHI,153.6,0,0,64,916,5,0,0,0
91,7,Melvin Gordon III,DEN,181.2,0,0,28,213,2,203,918,8
92,7,Drake London,ATL,0,0,0,0,0,0,0,0,0
93,7,Allen Lazard,GB,122.5,0,0,40,513,8,3,32,0
94,7,Hunter Renfrow,LV,207.6,0,0,103,1038,9,3,3,0
95,7,Trey Lance,SF,66.92,603,5,0,0,0,38,168,1
96,7,Zach Ertz,ARI,143.7,0,0,74,763,5,1,4,0
97,7,Christian Kirk,JAC,169.12,0,0,77,982,5,1,11,0
98,7,Tyler Lockett,SEA,204.9,0,0,73,1175,8,2,9,0
99,7,Aaron Rodgers,GB,336.8,4115,37,0,0,0,33,101,3
100,7,Matthew Stafford,LAR,346.74,4886,41,0,0,0,32,43,0
101,7,Ken Walker III,SEA,0,0,0,0,0,0,0,0,0
102,7,DeAndre Hopkins,ARI,126.2,0,0,42,572,8,0,0,0
103,7,Robert Woods,TEN,114.7,0,0,45,556,4,8,46,1
104,7,James Cook,BUF,0,0,0,0,0,0,0,0,0
105,7,Dawson Knox,BUF,139.6,0,0,49,587,9,0,4,0
106,7,Darrell Henderson Jr.,LAR,148.9,0,0,29,176,3,149,688,5
107,7,Michael Carter,NYJ,136.4,0,0,36,325,0,147,639,4
108,7,Kadarius Toney,NYG,62.86,0,0,39,420,0,3,6,0
109,7,Kirk Cousins,MIN,307.34,4221,33,0,0,0,29,115,1
110,7,Derek Carr,LV,270.96,4804,23,0,0,0,40,108,0
111,7,Pat Freiermuth,PIT,121.7,0,0,60,497,7,0,0,0
112,7,Cole Kmet,CHI,91.2,0,0,60,612,0,1,0,0
113,7,Chris Olave,NO,0,0,0,0,0,0,0,0,0
114,8,James Robinson,JAC,158.4,0,0,31,222,0,164,767,8
115,8,Nyheim Hines,IND,92.6,0,0,40,310,1,56,276,2
116,8,Treylon Burks,TEN,0,0,0,0,0,0,0,0,0
117,8,Chase Claypool,PIT,137.1,0,0,59,860,2,14,96,0
118,8,Alexander Mattison,MIN,109.9,0,0,32,228,1,134,491,3
119,8,Kenneth Gainwell,PHI,106.9,0,0,33,253,1,68,291,5
120,8,Tyler Boyd,CIN,150.34,0,0,67,828,5,2,22,0
121,8,Garrett Wilson,NYJ,0,0,0,0,0,0,0,0,0
122,8,Russell Gage,TB,130,0,0,66,770,4,0,0,0
123,8,Jakobi Meyers,NE,144.8,0,0,83,866,2,1,9,0
124,8,Skyy Moore,KC,0,0,0,0,0,0,0,0,0
125,8,Tua Tagovailoa,MIA,190.92,2653,16,0,0,0,42,128,3
126,8,Hunter Henry,NE,139.3,0,0,50,603,9,0,0,0
127,8,J.D. McKissic,WAS,106.4,0,0,43,397,2,48,212,2
128,8,Justin Fields,CHI,136.8,1870,7,0,0,0,72,420,2
129,8,Khalil Herbert,CHI,71.9,0,0,14,96,0,103,433,2
130,8,Marquez Valdes-Scantling,KC,74,0,0,26,430,3,0,0,0
131,8,Jamaal Williams,DET,106.8,0,0,26,157,0,153,601,3
132,8,George Pickens,PIT,0,0,0,0,0,0,0,0,0
133,8,Mike Gesicki,MIA,128.5,0,0,73,780,2,0,0,0
134,8,Raheem Mostert,MIA,2,0,0,0,0,0,2,20,0
135,8,Trevor Lawrence,JAC,216.04,3641,12,0,0,0,73,334,2
136,8,Irv Smith Jr.,MIN,0,0,0,0,0,0,0,0,0
137,8,DeVante Parker,NE,83.5,0,0,40,515,2,0,0,0
138,8,Jarvis Landry,NO,107,0,0,52,570,2,6,40,2
139,8,Michael Gallup,DAL,74,0,0,35,445,2,0,0,0
140,8,Rondale Moore,ARI,82.1,0,0,54,435,1,18,76,0
141,8,Albert Okwuegbunam,DEN,59.5,0,0,33,330,2,0,0,0
142,8,DJ Chark Jr.,DET,30.9,0,0,7,154,2,0,0,0
143,8,David Njoku,CLE,89.6,0,0,36,475,4,1,1,0
144,8,Jahan Dotson,WAS,0,0,0,0,0,0,0,0,0
145,8,Tyler Allgeier,ATL,0,0,0,0,0,0,0,0,0
146,8,Noah Fant,SEA,125,0,0,68,670,4,0,0,0
147,8,Julio Jones,TB,64.9,0,0,31,434,1,0,0,0
148,8,Jameis Winston,NO,120.4,1170,14,0,0,0,32,166,1
149,8,Matt Ryan,IND,234.92,3968,20,0,0,0,40,82,1
150,8,Rachaad White,TB,0,0,0,0,0,0,0,0,0
151,9,Kenny Golladay,NYG,70.6,0,0,37,521,0,0,0,0
152,9,Gerald Everett,LAC,93.8,0,0,48,478,4,3,20,0
153,9,Tyler Higbee,LAR,116.5,0,0,61,560,5,0,0,0
154,9,Nico Collins,HOU,67.1,0,0,33,446,1,0,0,0
155,9,Ryan Tannehill,TEN,282.36,3734,21,0,0,0,55,270,7
156,9,Robert Tonyan,GB,41.4,0,0,18,204,2,0,0,0
157,9,Isaiah Spiller,LAC,0,0,0,0,0,0,0,0,0
158,9,Buffalo Bills,BUF,151,0,0,0,0,0,0,0,0
159,9,Evan Engram,JAC,79.5,0,0,46,408,3,1,-3,0
160,9,Tampa Bay Buccaneers,TB,141,0,0,0,0,0,0,0,0
161,9,Joshua Palmer,LAC,76.4,0,0,33,353,4,1,6,0
162,9,Austin Hooper,TEN,73.5,0,0,38,345,3,0,0,0
163,9,Corey Davis,NYJ,88.2,0,0,34,492,4,0,0,0
164,9,Daniel Jones,NYG,174.02,2428,10,0,0,0,62,298,2
165,9,Mark Ingram II,NO,95.1,0,0,27,162,0,160,554,2
166,9,K.J. Osborn,MIN,133.5,0,0,50,655,7,1,10,0
167,9,Mecole Hardman,KC,111.4,0,0,59,693,2,8,46,0
168,9,San Francisco 49ers,SF,118,0,0,0,0,0,0,0,0
169,9,Robbie Anderson,CAR,112,0,0,53,519,5,3,36,0
170,9,Zamir White,LV,0,0,0,0,0,0,0,0,0
171,9,Mac Jones,NE,237.94,3801,22,0,0,0,44,129,0
172,9,Van Jefferson,LAR,143.2,0,0,50,802,6,2,20,0
173,9,Indianapolis Colts,IND,138,0,0,0,0,0,0,0,0
174,9,Justin Tucker,BAL,162,0,0,0,0,0,0,0,0
175,9,Denver Broncos,DEN,119,0,0,0,0,0,0,0,0
176,9,Marvin Jones Jr.,JAC,143.7,0,0,73,832,4,0,0,0
177,9,New Orleans Saints,NO,145,0,0,0,0,0,0,0,0
178,9,Brian Robinson Jr.,WAS,0,0,0,0,0,0,0,0,0
179,9,Hayden Hurst,CIN,51.1,0,0,26,221,3,0,0,0
180,9,Logan Thomas,WAS,44.6,0,0,18,196,3,0,0,0
181,9,Los Angeles Rams,LAR,121,0,0,0,0,0,0,0,0
182,9,Jameson Williams,DET,0,0,0,0,0,0,0,0,0
183,9,Gus Edwards,BAL,0,0,0,0,0,0,0,0,0
184,9,Wan'Dale Robinson,NYG,0,0,0,0,0,0,0,0,0
185,9,Darrel Williams,ARI,172.5,0,0,47,452,2,144,558,6
186,9,Tyler Bass,BUF,143,0,0,0,0,0,0,0,0
187,9,New England Patriots,NE,158,0,0,0,0,0,0,0,0
188,9,D'Onta Foreman,CAR,89.4,0,0,9,123,0,133,566,3
189,10,Carson Wentz,WAS,265.02,3563,27,0,0,0,57,215,1
190,10,Jalen Tolbert,DAL,0,0,0,0,0,0,0,0,0
191,10,Christian Watson,GB,0,0,0,0,0,0,0,0,0
192,10,Isiah Pacheco,KC,0,0,0,0,0,0,0,0,0
193,10,Matt Gay,LAR,159,0,0,0,0,0,0,0,0
194,10,Los Angeles Chargers,LAC,78,0,0,0,0,0,0,0,0
195,10,Jared Goff,DET,202.5,3245,19,0,0,0,17,87,0
196,10,KJ Hamler,DEN,9.9,0,0,5,74,0,0,0,0
197,10,Dallas Cowboys,DAL,185,0,0,0,0,0,0,0,0
198,10,Evan McPherson,CIN,154,0,0,0,0,0,0,0,0
199,10,Donovan Peoples-Jones,CLE,92.7,0,0,34,597,3,0,0,0
200,10,Boston Scott,PHI,92.1,0,0,13,83,0,87,373,7
201,10,Daniel Carlson,LV,174,0,0,0,0,0,0,0,0
202,10,Curtis Samuel,WAS,6.8,0,0,6,27,0,4,11,0
203,10,Parris Campbell,IND,27.2,0,0,10,162,1,0,0,0
204,10,Isaiah McKenzie,BUF,42.5,0,0,20,178,1,9,47,1
205,10,Zach Wilson,NYJ,162.86,2334,9,0,0,0,29,185,4
206,10,Baker Mayfield,CAR,193.9,3010,17,0,0,0,37,134,1
207,10,Alec Pierce,IND,0,0,0,0,0,0,0,0,0
208,10,Green Bay Packers,GB,117,0,0,0,0,0,0,0,0
209,10,Brevin Jordan,HOU,45.8,0,0,20,178,3,0,0,0
210,10,Kendrick Bourne,NE,153,0,0,55,800,5,12,125,0
211,10,Miami Dolphins,MIA,155,0,0,0,0,0,0,0,0
212,10,Jamison Crowder,BUF,84.2,0,0,51,447,2,0,0,0
213,10,Romeo Doubs,GB,0,0,0,0,0,0,0,0,0
214,10,Ryan Succop,TB,138,0,0,0,0,0,0,0,0
215,10,David Bell,CLE,0,0,0,0,0,0,0,0,0
216,10,Kansas City Chiefs,KC,131,0,0,0,0,0,0,0,0
217,10,Harrison Butker,KC,140,0,0,0,0,0,0,0,0
218,10,Ronald Jones II,KC,74.2,0,0,10,64,0,101,428,4
219,10,Davis Mills,HOU,166.96,2664,16,0,0,0,18,44,0
220,10,Samaje Perine,CIN,69.7,0,0,27,196,1,55,246,1
221,10,Sterling Shepard,NYG,59.7,0,0,36,366,1,1,-9,0
222,10,A.J. Green,ARI,129.8,0,0,54,848,3,0,0,0
223,10,Marlon Mack,FA,11.9,0,0,2,8,0,28,101,0
224,10,Jeff Wilson Jr.,SF,48,0,0,7,31,0,79,294,2
225,10,Cleveland Browns,CLE,104,0,0,0,0,0,0,0,0
226,10,Matt Prater,ARI,154,0,0,0,0,0,0,0,0
227,10,Baltimore Ravens,BAL,85,0,0,0,0,0,0,0,0
228,10,Philadelphia Eagles,PHI,111,0,0,0,0,0,0,0,0
229,10,Mo Alie-Cox,IND,67.6,0,0,24,316,4,0,0,0
230,10,Jerick McKinnon,KC,29.4,0,0,13,107,1,12,62,0
231,10,Pittsburgh Steelers,PIT,111,0,0,0,0,0,0,0,0
232,10,Jason Sanders,MIA,115,0,0,0,0,0,0,0,0
233,10,Damien Williams,ATL,52.7,0,0,16,103,1,40,164,2
234,10,Tyrion Davis-Price,SF,0,0,0,0,0,0,0,0,0
235,10,Rodrigo Blankenship,IND,45,0,0,0,0,0,0,0,0
236,10,Younghoe Koo,ATL,125,0,0,0,0,0,0,0,0
237,10,D'Ernest Johnson,CLE,94.6,0,0,19,137,0,100,534,3
238,11,Mike Davis,BAL,116.2,0,0,44,259,1,138,503,3
239,11,Chuba Hubbard,CAR,125.1,0,0,25,174,1,172,612,5
240,11,Nick Folk,NE,171,0,0,0,0,0,0,0,0
241,11,Jonnu Smith,NE,53.4,0,0,28,294,1,9,40,0
242,11,Brandon McManus,DEN,129,0,0,0,0,0,0,0,0
243,11,Laviska Shenault Jr.,CAR,95.5,0,0,63,619,0,11,41,0
244,11,Sony Michel,FA,135.8,0,0,21,128,1,208,845,4
245,11,Marcus Mariota,ATL,14.86,4,0,0,0,0,13,87,1
246,11,Zay Jones,JAC,82.4,0,0,47,546,1,2,3,0
247,11,Robbie Gould,SF,112,0,0,0,0,0,0,0,0
248,11,Terrace Marshall Jr.,CAR,24.3,0,0,17,138,0,0,0,0
249,11,Arizona Cardinals,ARI,126,0,0,0,0,0,0,0,0
250,11,Jake Elliott,PHI,150,0,0,0,0,0,0,0,0
251,11,Dustin Hopkins,LAC,147,0,0,0,0,0,0,0,0
252,11,Byron Pringle,CHI,105.8,0,0,42,568,5,0,0,0
253,11,Rex Burkhead,HOU,91.8,0,0,25,186,0,122,427,3
254,11,Tennessee Titans,TEN,123,0,0,0,0,0,0,0,0
255,11,Trey Sermon,SF,26.8,0,0,3,26,0,41,167,1
256,11,Cincinnati Bengals,CIN,108,0,0,0,0,0,0,0,0
257,11,Zack Moss,BUF,93.7,0,0,23,197,1,96,345,4
258,11,Braxton Berrios,NYJ,98.1,0,0,46,431,2,7,40,2
259,11,Randall Cobb,GB,79.6,0,0,28,375,5,1,1,0
260,11,Carolina Panthers,CAR,89,0,0,0,0,0,0,0,0
261,11,Greg Zuerlein,NYJ,140,0,0,0,0,0,0,0,0
262,11,Wil Lutz,NO,0,0,0,0,0,0,0,0,0
263,11,Bryan Edwards,ATL,92.1,0,0,34,571,3,1,0,0
264,11,Chris Boswell,PIT,162,0,0,0,0,0,0,0,0
265,11,Minnesota Vikings,MIN,124,0,0,0,0,0,0,0,0
266,11,Sammy Watkins,GB,56.9,0,0,27,394,1,0,0,0
267,11,Deshaun Watson,CLE,0,0,0,0,0,0,0,0,0
268,11,Eno Benjamin,ARI,25,0,0,6,42,0,34,118,1
269,11,Adam Trautman,NO,49.8,0,0,27,263,2,0,0,0
270,11,Mason Crosby,GB,134,0,0,0,0,0,0,0,0
271,11,Mitch Trubisky,PIT,9.12,43,0,0,0,0,13,24,1
272,11,Nelson Agholor,NE,84.9,0,0,37,473,3,3,11,0
273,11,Cameron Brate,TB,63.5,0,0,30,245,4,0,0,0
274,11,Greg Joseph,MIN,156,0,0,0,0,0,0,0,0
275,11,C.J. Uzomah,NYJ,103.8,0,0,49,493,5,0,0,0
276,11,Chicago Bears,CHI,105,0,0,0,0,0,0,0,0
277,11,Graham Gano,NYG,123,0,0,0,0,0,0,0,0
278,11,Cedrick Wilson Jr.,MIA,125.32,0,0,45,602,6,2,11,0
279,11,Myles Gaskin,MIA,149.1,0,0,49,234,4,173,612,3
280,11,Kenyan Drake,BAL,87.5,0,0,30,291,1,63,254,2
281,11,Dan Arnold,JAC,58.3,0,0,35,408,0,0,0,0
282,11,Washington Commanders,WAS,92,0,0,0,0,0,0,0,0
283,11,Marquez Callaway,NO,128.8,0,0,46,698,6,0,0,0
284,11,Matt Breida,NYG,39.2,0,0,7,72,2,26,125,1
285,11,Joshua Kelley,LAC,14.5,0,0,5,38,0,33,102,0
286,11,New York Giants,NYG,86,0,0,0,0,0,0,0,0
287,11,Jason Myers,SEA,104,0,0,0,0,0,0,0,0
288,11,William Fuller V,FA,6.6,0,0,4,26,0,0,0,0
289,12,Chris Evans,CIN,42.3,0,0,15,151,2,17,77,0
290,12,Randy Bullock,TEN,130,0,0,0,0,0,0,0,0
291,12,Trey McBride,ARI,0,0,0,0,0,0,0,0,0
292,12,Cairo Santos,CHI,116,0,0,0,0,0,0,0,0
293,12,Odell Beckham Jr.,FA,107.1,0,0,44,537,5,2,14,0
294,12,Seattle Seahawks,SEA,95,0,0,0,0,0,0,0,0
295,12,New York Jets,NYJ,58,0,0,0,0,0,0,0,0
296,12,Hassan Haskins,TEN,0,0,0,0,0,0,0,0,0
297,12,Ke'Shawn Vaughn,TB,34.6,0,0,4,26,0,36,180,2
298,12,Ka'imi Fairbairn,HOU,68,0,0,0,0,0,0,0,0
299,12,Josh Reynolds,DET,66.1,0,0,29,396,2,0,0,0
300,12,Tre'Quan Smith,NO,71.7,0,0,32,377,3,0,0,0
301,12,Kenny Pickett,PIT,0,0,0,0,0,0,0,0,0
302,12,Quez Watkins,PHI,94.5,0,0,43,647,1,1,3,0
303,12,Jacksonville Jaguars,JAC,64,0,0,0,0,0,0,0,0
304,12,Nick Westbrook-Ikhine,TEN,88.6,0,0,38,476,4,0,0,0
305,12,Kyle Rudolph,TB,46.7,0,0,26,257,1,0,0,0
306,12,Ameer Abdullah,LV,70.5,0,0,38,289,1,51,166,0
307,12,Darius Slayton,NYG,55.6,0,0,26,339,2,1,-13,0
308,12,Devin Duvernay,BAL,60.7,0,0,33,272,2,7,50,0
309,12,Jacoby Brissett,CLE,76.32,1283,5,0,0,0,19,70,1
310,12,Velus Jones Jr.,CHI,0,0,0,0,0,0,0,0,0
311,12,Kyren Williams,LAR,0,0,0,0,0,0,0,0,0
312,12,O.J. Howard,FA,26.5,0,0,14,135,1,0,0,0
313,12,Geno Smith,SEA,55.28,702,5,0,0,0,9,42,1
314,12,Dontrell Hilliard,TEN,63.2,0,0,19,87,0,56,350,2
315,12,Phillip Lindsay,FA,43.4,0,0,4,45,1,88,249,1
316,12,Ty Johnson,NYJ,100,0,0,34,372,2,61,238,2
317,12,Jalen Reagor,PHI,61.6,0,0,33,299,2,10,32,0
318,12,Drew Lock,SEA,53.38,787,2,0,0,0,10,53,2
319,12,Giovani Bernard,TB,47.6,0,0,23,123,3,8,58,0
320,12,Dyami Brown,WAS,22.1,0,0,12,165,0,1,-4,0
321,12,Jimmy Garoppolo,SF,239.5,3810,20,0,0,0,38,51,3
322,12,Daniel Bellinger,NYG,0,0,0,0,0,0,0,0,0
323,12,Pierre Strong Jr.,NE,0,0,0,0,0,0,0,0,0
324,12,Tyler Conklin,NYJ,107.8,0,0,61,593,3,0,0,0
325,12,Isaiah Likely,BAL,0,0,0,0,0,0,0,0,0
326,12,Greg Dulcich,DEN,0,0,0,0,0,0,0,0,0
327,12,Quintez Cephus,DET,41.9,0,0,15,204,2,0,0,0
328,12,Darrynton Evans,FA,2.8,0,0,2,11,0,2,7,0
329,12,Justin Jackson,FA,75.2,0,0,22,178,0,68,364,2
330,12,Kyle Philips,TEN,0,0,0,0,0,0,0,0,0
331,12,Salvon Ahmed,MIA,32.6,0,0,12,117,0,54,149,0
332,12,Chase McLaughlin,FA,93,0,0,0,0,0,0,0,0
333,12,Harrison Bryant,CLE,51.8,0,0,21,233,3,0,0,0
334,12,Emmanuel Sanders,FA,110.7,0,0,42,626,4,2,31,0
335,12,Jerome Ford,CLE,0,0,0,0,0,0,0,0,0
336,12,Tommy Tremble,CAR,43.1,0,0,20,180,1,3,11,1
337,12,Jaylen Warren,PIT,0,0,0,0,0,0,0,0,0
338,12,Snoop Conner,JAC,0,0,0,0,0,0,0,0,0
339,12,Josh Lambo,FA,5,0,0,0,0,0,0,0,0
340,13,Tyler Badie,FA,0,0,0,0,0,0,0,0,0
341,13,James Proche II,BAL,28.2,0,0,16,202,0,0,0,0
342,13,Duke Johnson Jr.,FA,57.1,0,0,4,41,0,71,330,3
343,13,Las Vegas Raiders,LV,65,0,0,0,0,0,0,0,0
344,13,Tevin Coleman,FA,46,0,0,11,49,0,84,356,0
345,13,Cole Beasley,FA,118.3,0,0,82,693,1,0,0,0
346,13,Khalil Shakir,BUF,0,0,0,0,0,0,0,0,0
347,13,Donald Parham Jr.,LAC,49,0,0,20,190,3,0,0,0
348,13,Desmond Ridder,ATL,0,0,0,0,0,0,0,0,0
349,13,Cade York,CLE,0,0,0,0,0,0,0,0,0
350,13,Ty Montgomery,NE,21.9,0,0,16,95,0,15,44,0
351,13,Jaret Patterson,FA,50.9,0,0,10,73,0,68,266,2
352,13,Jalen Guyton,LAC,81.7,0,0,31,448,3,7,34,0
353,13,Detroit Lions,DET,58,0,0,0,0,0,0,0,0
354,13,Brett Maher,FA,62,0,0,0,0,0,0,0,0
355,13,Foster Moreau,LV,70.3,0,0,30,373,3,0,0,0
356,13,Danny Gray,SF,0,0,0,0,0,0,0,0,0
357,13,Sam Darnold,CAR,170.28,2527,9,0,0,0,48,222,5
358,13,Jared Cook,FA,108.4,0,0,48,564,4,0,0,0
359,13,Tyquan Thornton,NE,0,0,0,0,0,0,0,0,0
360,13,Jelani Woods,IND,0,0,0,0,0,0,0,0,0
361,13,Atlanta Falcons,ATL,65,0,0,0,0,0,0,0,0
362,13,Olamide Zaccheaus,ATL,74.3,0,0,31,406,3,1,2,0
363,13,DeeJay Dallas,SEA,49.6,0,0,21,133,0,33,138,2
364,13,John Metchie III,HOU,0,0,0,0,0,0,0,0,0
365,13,Demarcus Robinson,BAL,56.9,0,0,25,264,3,0,0,0
366,13,Travis Homer,SEA,53.8,0,0,16,161,0,21,177,1
367,13,Taysom Hill,NO,124.72,0,0,4,52,0,70,374,5
368,13,David Johnson,FA,65.3,0,0,32,225,1,67,228,0
369,13,Malcolm Brown,FA,21,0,0,3,10,0,33,125,1
370,13,Calvin Austin III,PIT,0,0,0,0,0,0,0,0,0
371,13,Anthony Firkser,FA,56.1,0,0,34,291,2,0,0,0
372,13,Latavius Murray,FA,98.6,0,0,10,75,0,119,501,6
373,13,Cade Otton,TB,0,0,0,0,0,0,0,0,0
374,13,Devontae Booker,FA,124.1,0,0,40,268,1,145,593,2
375,13,Houston Texans,HOU,87,0,0,0,0,0,0,0,0
376,13,Keaontay Ingram,ARI,0,0,0,0,0,0,0,0,0
377,13,John Bates,WAS,40.9,0,0,20,249,1,0,0,0
378,13,Amari Rodgers,GB,7.6,0,0,4,45,0,1,11,0
379,13,Joey Slye,WAS,100,0,0,0,0,0,0,0,0
380,13,Rashard Higgins,CAR,45.5,0,0,24,275,1,0,0,0
381,13,T.Y. Hilton,FA,62.6,0,0,23,331,3,0,0,0
382,13,Devonta Freeman,FA,129.6,0,0,34,190,1,133,576,5
383,13,James Washington,DAL,53.8,0,0,24,285,2,2,13,0
384,13,Noah Brown,DAL,26.4,0,0,16,184,0,0,0,0
385,13,Kylen Granson,IND,16.1,0,0,11,106,0,0,0,0
386,13,Josiah Deguara,GB,49,0,0,25,245,2,0,0,0
387,13,Chris Conley,FA,53.6,0,0,22,323,2,1,3,0
388,13,Jauan Jennings,SF,70.2,0,0,24,282,5,0,0,0
389,13,Wayne Gallman Jr.,FA,13,0,0,1,21,0,28,104,0
390,13,Equanimeous St. Brown,CHI,15.7,0,0,9,98,0,3,14,0
391,13,Dee Eskridge,SEA,23.3,0,0,10,64,1,4,59,0
392,13,Benny Snell Jr.,PIT,12.1,0,0,2,13,0,36,98,0
393,13,Malik Willis,TEN,0,0,0,0,0,0,0,0,0
394,13,Kene Nwangwu,MIN,21,0,0,4,9,0,13,61,0
395,13,Pharaoh Brown,HOU,26.6,0,0,23,171,0,0,0,0
396,13,Austin Seibert,DET,42,0,0,0,0,0,0,0,0
397,13,Anthony Schwartz,CLE,28.4,0,0,10,135,1,6,39,0
398,13,Tutu Atwell,LAR,0,0,0,0,0,0,0,0,0
399,13,Trestan Ebner,CHI,0,0,0,0,0,0,0,0,0
400,13,Juwan Johnson,NO,46.4,0,0,13,159,4,0,0,0
401,13,Zach Pascal,PHI,75.5,0,0,38,384,3,2,21,0
402,13,Ashton Dulin,IND,39,0,0,13,173,2,3,32,0
403,13,Brandon Bolden,LV,103.6,0,0,41,405,2,44,226,1
404,13,Craig Reynolds,DET,31.7,0,0,7,52,0,55,230,0
405,14,Will Dissly,SEA,39.6,0,0,21,231,1,0,0,0
406,14,Deonte Harty,NO,95.1,0,0,36,570,3,5,41,0
407,14,Jonathan Garibay,FA,0,0,0,0,0,0,0,0,0
408,14,Justin Watson,KC,0,0,0,0,0,0,0,0,0
409,14,Laquon Treadwell,FA,65.9,0,0,33,434,1,0,0,0
410,14,Tylan Wallace,BAL,3.3,0,0,2,23,0,0,0,0
411,14,Tyler Johnson,FA,54,0,0,36,360,0,0,0,0
412,14,Keelan Cole Sr.,FA,64.9,0,0,28,449,1,0,0,0
413,14,Teddy Bridgewater,MIA,209.68,3052,18,0,0,0,30,106,2
414,14,Geoff Swaim,TEN,54.5,0,0,31,210,3,0,0,0
415,14,Jamal Agnew,JAC,64,0,0,24,229,1,7,111,1
416,14,Mack Hollins,LV,53.3,0,0,14,223,4,0,0,0
417,14,Tristan Vizcaino,FA,29,0,0,0,0,0,0,0,0
418,14,Justice Hill,BAL,0,0,0,0,0,0,0,0,0
419,14,Jeremy Ruckert,NYJ,0,0,0,0,0,0,0,0,0
420,14,Kyle Juszczyk,SF,58.8,0,0,30,296,1,8,22,1
421,14,Durham Smythe,MIA,53,0,0,34,357,0,2,3,0
422,14,Tony Jones Jr.,NO,19.6,0,0,5,29,0,54,142,0
423,14,Demetric Felton Jr.,CLE,41.5,0,0,18,181,2,7,24,0
424,14,Phillip Dorsett II,HOU,14.5,0,0,7,110,0,1,0,0
425,14,Ian Thomas,CAR,27.8,0,0,18,188,0,0,0,0
426,14,Jake Ferguson,DAL,0,0,0,0,0,0,0,0,0
427,14,Ty Chandler,MIN,0,0,0,0,0,0,0,0,0
428,14,Joe Flacco,NYJ,23.82,338,3,0,0,0,2,3,0
429,14,Freddie Swain,FA,74,0,0,25,343,4,5,32,0
430,14,Ben Skowronek,LAR,18.8,0,0,11,133,0,0,0,0
431,14,Riley Patterson,FA,59,0,0,0,0,0,0,0,0
432,14,Mike Boone,DEN,6.7,0,0,2,22,0,4,35,0
433,14,Tyler Huntley,BAL,86.64,1081,3,0,0,0,47,294,2
434,14,Kalif Raymond,DET,108.4,0,0,48,576,4,4,28,0
435,14,Tyrod Taylor,NYG,86.74,966,5,0,0,0,19,151,3
436,14,Tarik Cohen,FA,0,0,0,0,0,0,0,0,0
437,14,N'Keal Harry,CHI,22.4,0,0,12,184,0,0,0,0
438,14,Abram Smith,FA,0,0,0,0,0,0,0,0,0
439,14,Jordan Mason,SF,0,0,0,0,0,0,0,0,0
440,14,Antonio Brown,FA,100.1,0,0,42,545,4,1,6,0
441,14,Anthony McFarland Jr.,FA,1.9,0,0,1,11,0,3,3,0
442,14,Carlos Hyde,FA,39.8,0,0,12,65,0,72,253,1
443,14,Antoine Wesley,ARI,48.3,0,0,19,208,3,0,0,0
444,14,Simi Fehoko,DAL,0,0,0,0,0,0,0,0,0
445,14,Blake Jarwin,FA,27.1,0,0,11,96,2,0,0,0
446,14,Denzel Mims,NYJ,17.3,0,0,8,133,0,0,0,0
447,14,Miles Boykin,PIT,1.1,0,0,1,6,0,0,0,0
448,14,Tyrell Williams,FA,2.4,0,0,2,14,0,0,0,0
449,14,Jordan Howard,FA,61.5,0,0,2,19,0,86,406,3
450,14,Larry Rountree III,LAC,15.1,0,0,1,-1,0,36,87,1
451,14,Drew Sample,CIN,13.6,0,0,11,81,0,0,0,0
452,14,Eric Ebron,FA,26.5,0,0,12,84,1,1,1,1
453,14,Jordan Akins,NYG,29.7,0,0,24,214,0,1,3,0
454,14,Lance McCutcheon,LAR,0,0,0,0,0,0,0,0,0
455,14,Jermar Jefferson,DET,23.7,0,0,4,23,0,15,74,2
456,14,Sam Howell,WAS,0,0,0,0,0,0,0,0,0
457,14,Chris Moore,HOU,45.2,0,0,21,227,2,0,0,0
458,14,Auden Tate,FA,11.4,0,0,3,39,1,0,0,0
459,14,JaMycal Hasty,FA,38,0,0,23,157,0,16,68,1
460,14,Quinn Nordin,FA,0,0,0,0,0,0,0,0,0
461,14,James McCourt,JAC,0,0,0,0,0,0,0,0,0
462,14,Chigoziem Okonkwo,TEN,0,0,0,0,0,0,0,0,0
463,14,Erik Ezukanma,MIA,0,0,0,0,0,0,0,0,0
464,14,Maxx Williams,ARI,33.3,0,0,16,193,1,0,0,0
465,14,Noah Gray,KC,13.1,0,0,7,36,1,0,0,0
466,14,Tre' McKitty,LAC,7.5,0,0,6,45,0,0,0,0
467,14,Damiere Byrd,ATL,51.9,0,0,26,329,1,0,0,0
468,14,Montrell Washington,DEN,0,0,0,0,0,0,0,0,0
469,14,Breshad Perriman,TB,27.9,0,0,11,167,1,1,-3,0
470,14,Gary Brightwell,NYG,1.5,0,0,1,6,0,1,4,0
471,14,James O'Shaughnessy,FA,38.4,0,0,24,244,0,0,0,0
472,14,Brycen Hopkins,LAR,1.4,0,0,1,9,0,0,0,0
473,14,Bo Melton,FA,0,0,0,0,0,0,0,0,0
474,14,Justyn Ross,KC,0,0,0,0,0,0,0,0,0
475,14,Tyler Kroft,FA,31.3,0,0,16,173,1,0,0,0
476,14,Dez Fitzpatrick,FA,13.4,0,0,5,49,1,0,0,0
477,14,Mike Thomas,FA,7.7,0,0,5,52,0,0,0,0
478,14,Derrick Gore,FA,52.1,0,0,8,105,0,51,256,2
479,14,Nick Boyle,BAL,0.7,0,0,1,2,0,0,0,0
480,14,Ihmir Smith-Marsette,MIN,26.1,0,0,5,116,2,0,0,0
481,14,Chris Herndon IV,FA,12,0,0,4,40,1,0,0,0
482,14,Patrick Ricard,BAL,16.7,0,0,8,63,1,2,4,0
483,14,Dare Ogunbowale,HOU,43.6,0,0,13,114,1,43,137,1
484,14,Tajae Sharpe,CHI,35.5,0,0,25,230,0,0,0,0
485,14,Marcedes Lewis,GB,32.9,0,0,23,214,0,0,0,0
486,14,Scotty Miller,TB,16.6,0,0,5,38,0,2,43,1
487,15,Zach Gentry,PIT,26.2,0,0,19,167,0,0,0,0
488,15,Nick Vannett,NO,23.8,0,0,9,133,1,0,0,0
489,15,Gardner Minshew II,PHI,34.66,439,4,0,0,0,9,21,0
490,15,Le'Veon Bell,FA,35.6,0,0,5,30,1,39,101,2
491,15,Cam Sims,WAS,41.3,0,0,15,211,2,1,7,0
492,15,Jody Fortson,KC,19.2,0,0,5,47,2,0,0,0
493,15,Ross Dwelley,SF,13.1,0,0,4,51,1,0,0,0
494,15,Blake Bell,KC,14.2,0,0,9,87,0,4,10,0
495,15,Charlie Kolar,BAL,0,0,0,0,0,0,0,0,0
496,15,Jaelon Darden,TB,8.4,0,0,6,43,0,1,11,0
497,15,Jimmy Graham,FA,43.7,0,0,14,167,3,0,0,0
498,15,Chris Manhertz,JAC,16.1,0,0,6,71,1,0,0,0
499,15,Travis Fulgham,FA,0,0,0,0,0,0,0,0,0
500,15,Ryan Griffin,CHI,51.6,0,0,27,261,2,0,0,0
501,15,Kylin Hill,GB,3.4,0,0,1,5,0,10,24,0
502,15,Carlos Martinez,DAL,0,0,0,0,0,0,0,0,0
503,15,Hunter Long,MIA,1.3,0,0,1,8,0,0,0,0
504,15,Jacob Harris,FA,0,0,0,0,0,0,0,0,0
505,15,Trent Sherfield,MIA,19.2,0,0,9,87,1,0,0,0
506,15,Kennedy Brooks,FA,0,0,0,0,0,0,0,0,0
507,15,Johnny Mundt,MIN,1.4,0,0,1,9,0,0,0,0
508,15,Cole Turner,WAS,0,0,0,0,0,0,0,0,0
509,15,Trayveon Williams,CIN,6,0,0,1,4,0,15,51,0
510,15,Richard Rodgers,FA,2.1,0,0,2,11,0,0,0,0
511,15,Jake Funk,LAR,0.5,0,0,0,0,0,2,5,0
512,15,Jalen Wydermyer,FA,0,0,0,0,0,0,0,0,0
513,15,Kendall Blanton,FA,5.7,0,0,4,37,0,0,0,0
514,15,Brandon Zylstra,FA,40,0,0,18,250,1,0,0,0
515,15,Marquise Goodwin,SEA,47.2,0,0,20,313,1,2,-1,0
516,15,Qadree Ollison,FA,17.7,0,0,4,12,0,21,105,1
517,15,Kevin Harris,FA,0,0,0,0,0,0,0,0,0
518,15,Dezmon Patmon,IND,9.1,0,0,2,21,1,0,0,0
519,15,Andrew Jacas,SF,0,0,0,0,0,0,0,0,0
520,15,Dante Pettis,CHI,20.34,0,0,10,87,1,0,0,0
521,15,Chris Myarick,NYG,9.2,0,0,3,17,1,0,0,0
522,15,Jonathan Ward,ARI,8.2,0,0,3,34,0,9,33,0
523,15,C.J. Ham,MIN,24.4,0,0,17,125,0,7,34,0
524,15,Ryan Santoso,FA,18,0,0,0,0,0,0,0,0
525,15,Tyler Davis,GB,5.5,0,0,4,35,0,0,0,0
526,15,Jacob Hollister,LV,16,0,0,9,55,1,0,0,0
527,15,Richie James Jr.,NYG,0,0,0,0,0,0,0,0,0
528,15,Jalen Nailor,MIN,0,0,0,0,0,0,0,0,0
529,15,Cyril Grayson Jr.,FA,39.6,0,0,10,212,2,1,14,0
530,15,Jeremy McNichols,PIT,59.6,0,0,28,240,1,41,156,0
531,15,Mike Strachan,IND,3.6,0,0,2,26,0,0,0,0
532,15,Preston Williams,FA,10.8,0,0,6,71,0,1,7,0
533,15,KaVontae Turpin,DAL,0,0,0,0,0,0,0,0,0
534,15,DeSean Jackson,FA,65.8,0,0,20,454,2,1,4,0
535,15,Lil'Jordan Humphrey,FA,43.4,0,0,13,249,2,0,0,0
536,15,Tyron Johnson,LV,2.6,0,0,2,16,0,0,0,0
537,15,Sean McKeon,FA,10.7,0,0,4,27,1,0,0,0
538,15,Josh Gordon,FA,11.7,0,0,5,32,1,0,0,0
539,15,Rico Dowdle,DAL,0,0,0,0,0,0,0,0,0
540,15,Brock Wright,DET,29.7,0,0,12,117,2,0,0,0
541,15,Shi Smith,CAR,13.1,0,0,6,104,0,1,-3,0
542,15,Taylor Heinicke,WAS,237.36,3419,20,0,0,0,60,313,1
543,15,Alec Ingold,MIA,19.6,0,0,10,85,1,2,1,0
544,15,Antonio Williams,NYG,0,0,0,0,0,0,0,0,0
545,15,Kenny Yeboah,FA,4.6,0,0,2,36,0,0,0,0
546,15,Jonathan Williams,WAS,18.7,0,0,4,28,0,17,79,1
547,15,Ray-Ray McCloud,SF,46.7,0,0,39,277,0,2,15,0
548,15,Eric Tomlinson,FA,1.2,0,0,1,7,0,0,0,0
549,15,Eric Saubert,DEN,14.7,0,0,8,47,1,0,0,0
550,15,DeAndre Carter,LAC,74.5,0,0,24,296,3,10,89,0
551,15,Keith Smith,ATL,13.2,0,0,9,56,0,9,31,0
552,15,Lynn Bowden Jr.,FA,0,0,0,0,0,0,0,0,0
553,15,Antony Auclair,FA,13.2,0,0,5,47,1,0,0,0
554,15,Stanley Morgan Jr.,CIN,2.4,0,0,2,11,0,1,3,0
555,15,Kyle Allen,HOU,7.9,120,1,0,0,0,2,11,0
556,15,Nate Sudfeld,FA,0,0,0,0,0,0,0,0,0
557,15,Andy Dalton,NO,93.2,1515,8,0,0,0,16,76,0
558,15,Racey McMath,TEN,-0.2,0,0,2,8,0,0,0,0
559,15,Ryquell Armstead,FA,11.1,0,0,3,16,0,15,80,0
560,15,Mike White,NYJ,52.02,953,5,0,0,0,5,-1,0
561,16,Godwin Igwebuike,FA,16,0,0,7,60,0,18,118,1
562,16,Patrick Taylor Jr.,FA,16.2,0,0,2,3,0,23,89,1
563,16,Joshua Dobbs,CLE,0,0,0,0,0,0,0,0,0
564,16,Andy Isabella,ARI,1.8,0,0,1,13,0,0,0,0
565,16,J.J. Taylor,FA,16.5,0,0,4,8,0,19,37,2
566,16,Jashaun Corbin,FA,0,0,0,0,0,0,0,0,0
567,16,Parker Hesse,ATL,6.8,0,0,5,43,0,0,0,0
568,16,Keke Coutee,FA,1,0,0,1,5,0,0,0,0
569,16,Jack Stoll,PHI,4.2,0,0,4,22,0,0,0,0
570,16,Jakob Johnson,LV,6.3,0,0,4,43,0,0,0,0
571,16,Blaine Gabbert,TB,1.98,67,0,0,0,0,9,-7,0
572,16,Kendall Hinton,FA,31.04,0,0,15,175,1,0,0,0
573,16,Mason Rudolph,PIT,19.38,277,1,0,0,0,5,53,0
574,16,Devin Asiasi,FA,0,0,0,0,0,0,0,0,0
575,16,Charlie Woerner,SF,7.7,0,0,5,52,0,0,0,0
576,16,Jace Sternberger,FA,0,0,0,0,0,0,0,0,0
577,16,Colby Parkinson,SEA,5.8,0,0,5,33,0,0,0,0
578,16,La'Mical Perine,FA,3.1,0,0,0,0,0,8,31,0
579,16,Cethan Carter,MIA,2.6,0,0,2,16,0,0,0,0
580,16,Derek Watt,PIT,3.1,0,0,3,15,0,1,1,0
581,16,Dax Milne,WAS,10.9,0,0,9,83,0,1,1,0
582,16,John Wolford,LAR,-0.9,5,0,0,0,0,2,-1,0
583,16,Zander Horvath,LAC,0,0,0,0,0,0,0,0,0