RK,TIERS,PLAYER NAME,TEAM,FAN PTS,PASS YDS,PASS TDS,REC,REC YDS,REC TDS,ATT,RUSH YDS,RUSH TDS
"1",1,"Justin Jefferson",MIN,"17.9","0.0","0.0","7.5","106.4","0.5","0.2","1.4","0.1"
"2",1,"Christian McCaffrey",SF,"18.5","0.0","0.0","5.0","43.6","0.3","14.4","67.0","0.5"
"3",1,"Ja'Marr Chase",CIN,"15.3","0.0","0.0","6.7","80.5","0.7","0.4","0.6","0.0"
"4",1,"Austin Ekeler",LAC,"18.8","0.0","0.0","6.3","42.5","0.3","12.0","53.8","0.8"
"5",2,"Travis Kelce",KC,"15.4","0.0","0.0","6.5","78.7","0.7","0.1","0.3","0.0"
"6",2,"Tyreek Hill",MIA,"16.6","0.0","0.0","7.0","100.6","0.4","0.4","1.9","0.1"
"7",2,"Bijan Robinson",ATL,"0","0","0","0","0","0","0","0","0"
"8",2,"Cooper Kupp",LAR,"18.2","0.0","0.0","8.3","90.2","0.7","1.0","5.8","0.1"
"9",2,"Nick Chubb",CLE,"15.8","0.0","0.0","1.6","14.1","0.1","17.8","89.7","0.7"
"10",2,"Saquon Barkley",NYG,"16.0","0.0","0.0","3.6","21.1","0.0","18.4","82.0","0.6"
"11",2,"Stefon Diggs",BUF,"15.7","0.0","0.0","6.5","85.6","0.6","0.1","-0.2","0.0"
"12",2,"Tony Pollard",DAL,"14.3","0.0","0.0","2.4","23.2","0.2","12.1","62.9","0.6"
"13",2,"Derrick Henry",TEN,"17.9","0.0","0.0","2.1","24.9","0.0","21.8","96.1","0.8"
"14",2,"CeeDee Lamb",DAL,"14.6","0.0","0.0","6.3","79.9","0.5","0.6","2.8","0.0"
"15",3,"A.J. Brown",PHI,"15.0","0.0","0.0","5.2","88.0","0.6","0.0","0.0","0.0"
"16",3,"Davante Adams",LV,"16.8","0.0","0.0","5.9","89.2","0.8","0.2","-0.1","0.0"
"17",3,"Amon-Ra St. Brown",DET,"13.4","0.0","0.0","6.6","72.6","0.4","0.6","5.9","0.0"
"18",3,"Jonathan Taylor",IND,"11.0","0.0","0.0","2.3","11.9","0.0","16.0","71.8","0.3"
"19",3,"Garrett Wilson",NYJ,"10.2","0.0","0.0","4.9","64.9","0.2","0.2","0.2","0.0"
"20",3,"Josh Jacobs",LV,"17.8","0.0","0.0","3.1","23.5","0.0","20.0","97.2","0.7"
"21",3,"Jaylen Waddle",MIA,"13.0","0.0","0.0","4.4","79.8","0.5","0.2","1.5","0.0"
"22",3,"Chris Olave",NO,"10.8","0.0","0.0","4.8","69.5","0.3","0.0","0.0","0.0"
"23",4,"Rhamondre Stevenson",NE,"12.6","0.0","0.0","4.1","24.8","0.1","12.4","61.2","0.3"
"24",4,"Najee Harris",PIT,"11.9","0.0","0.0","2.4","13.5","0.2","16.0","60.8","0.4"
"25",4,"Joe Mixon",CIN,"14.0","0.0","0.0","4.0","29.4","0.1","14.1","55.1","0.5"
"26",4,"Patrick Mahomes II",KC,"25.2","308.8","2.4","0.0","0.0","0.0","3.6","21.1","0.2"
"27",4,"DeVonta Smith",PHI,"12.2","0.0","0.0","5.6","70.4","0.4","0.0","0.0","0.0"
"28",4,"Tee Higgins",CIN,"12.4","0.0","0.0","5.0","69.5","0.5","0.0","0.0","0.0"
"29",4,"Mark Andrews",BAL,"10.3","0.0","0.0","4.9","56.5","0.3","0.2","0.5","0.0"
"30",4,"Josh Allen",BUF,"24.2","253.9","2.1","0.0","0.0","0.0","7.4","45.6","0.4"
"31",4,"Jalen Hurts",PHI,"25.6","246.7","1.5","0.0","0.0","0.0","11.0","50.7","0.9"
"32",4,"Travis Etienne Jr.",JAC,"11.0","0.0","0.0","2.1","18.6","0.0","12.9","66.2","0.3"
"33",4,"DK Metcalf",SEA,"10.7","0.0","0.0","5.3","61.6","0.4","0.0","0.0","0.0"
"34",4,"Aaron Jones",GB,"12.9","0.0","0.0","3.5","23.2","0.3","12.5","65.9","0.1"
"35",4,"Jahmyr Gibbs",DET,"0","0","0","0","0","0","0","0","0"
"36",4,"Keenan Allen",LAC,"13.1","0.0","0.0","6.6","75.2","0.4","0.1","0.8","0.0"
"37",4,"Amari Cooper",CLE,"12.2","0.0","0.0","4.6","68.2","0.5","0.0","0.0","0.0"
"38",5,"Calvin Ridley",JAC,"0","0","0","0","0","0","0","0","0"
"39",5,"Breece Hall",NYJ,"15.1","0.0","0.0","2.7","31.1","0.1","11.4","66.1","0.6"
"40",5,"Deebo Samuel",SF,"10.8","0.0","0.0","4.3","48.6","0.2","3.2","17.8","0.2"
"41",5,"Lamar Jackson",BAL,"20.3","186.8","1.4","0.0","0.0","0.0","9.3","63.7","0.3"
"42",5,"Kenneth Walker III",SEA,"12.6","0.0","0.0","1.8","11.0","0.0","15.2","70.0","0.6"
"43",5,"Miles Sanders",CAR,"12.2","0.0","0.0","1.2","4.6","0.0","15.2","74.6","0.6"
"44",5,"T.J. Hockenson",MIN,"10.1","0.0","0.0","5.1","53.8","0.4","0.0","0.0","0.0"
"45",5,"DJ Moore",CHI,"9.9","0.0","0.0","3.7","52.2","0.4","0.6","3.1","0.0"
"46",5,"Joe Burrow",CIN,"21.7","266.3","2.1","0.0","0.0","0.0","4.5","15.2","0.3"
"47",5,"Alexander Mattison",MIN,"4.8","0.0","0.0","0.9","5.4","0.1","4.4","16.6","0.3"
"48",5,"Jerry Jeudy",DEN,"11.4","0.0","0.0","4.5","64.8","0.4","0.3","2.7","0.0"
"49",5,"Terry McLaurin",WAS,"11.2","0.0","0.0","4.5","70.1","0.3","0.4","1.7","0.0"
"50",5,"DeAndre Hopkins",TEN,"13.3","0.0","0.0","7.1","79.7","0.3","0.0","0.0","0.0"
"51",5,"J.K. Dobbins",BAL,"9.7","0.0","0.0","0.9","5.3","0.1","11.5","65.0","0.3"
"52",5,"Justin Fields",CHI,"20.5","149.5","1.1","0.0","0.0","0.0","10.7","76.2","0.5"
"53",5,"Cam Akers",LAR,"9.0","0.0","0.0","0.9","7.8","0.0","12.5","52.4","0.5"
"54",5,"Dameon Pierce",HOU,"11.6","0.0","0.0","2.3","12.7","0.1","16.9","72.2","0.3"
"55",5,"Christian Watson",GB,"10.3","0.0","0.0","2.9","43.6","0.5","0.5","5.7","0.1"
"56",5,"Drake London",ATL,"8.4","0.0","0.0","4.2","50.9","0.2","0.0","0.0","0.0"
"57",5,"Justin Herbert",LAC,"17.1","278.8","1.5","0.0","0.0","0.0","3.2","8.6","0.0"
"58",5,"Chris Godwin",TB,"11.4","0.0","0.0","6.9","68.2","0.2","0.2","0.3","0.0"
"59",6,"James Conner",ARI,"13.6","0.0","0.0","3.5","23.1","0.1","14.1","60.2","0.5"
"60",6,"Tyler Lockett",SEA,"12.2","0.0","0.0","5.3","64.6","0.6","0.0","0.0","0.0"
"61",6,"Brandon Aiyuk",SF,"11.1","0.0","0.0","4.6","59.7","0.5","0.1","1.4","0.0"
"62",6,"Mike Williams",LAC,"11.2","0.0","0.0","4.8","68.8","0.3","0.0","0.0","0.0"
"63",6,"George Kittle",SF,"11.4","0.0","0.0","4.0","51.0","0.7","0.0","0.0","0.0"
"64",6,"Christian Kirk",JAC,"11.8","0.0","0.0","4.9","65.2","0.5","0.3","0.6","0.0"
"65",6,"Diontae Johnson",PIT,"8.1","0.0","0.0","5.1","51.9","0.0","0.4","1.5","0.0"
"66",6,"Darren Waller",NYG,"7.9","0.0","0.0","3.1","43.1","0.3","0.0","0.0","0.0"
"67",6,"Rachaad White",TB,"6.7","0.0","0.0","2.9","17.1","0.1","7.6","28.3","0.1"
"68",6,"Alvin Kamara",NO,"12.2","0.0","0.0","3.8","32.7","0.1","14.9","59.8","0.1"
"69",6,"Trevor Lawrence",JAC,"17.9","241.9","1.5","0.0","0.0","0.0","3.6","17.1","0.3"
"70",6,"David Montgomery",DET,"10.0","0.0","0.0","2.1","19.8","0.1","12.6","50.1","0.3"
"71",6,"Marquise Brown",ARI,"10.2","0.0","0.0","5.6","59.1","0.3","0.1","0.1","0.0"
"72",6,"Mike Evans",TB,"12.5","0.0","0.0","5.1","74.9","0.4","0.0","0.0","0.0"
"73",6,"Michael Pittman Jr.",IND,"10.4","0.0","0.0","6.2","57.8","0.3","0.2","1.9","0.0"
"74",6,"Javonte Williams",DEN,"8.5","0.0","0.0","4.0","19.0","0.0","11.8","51.0","0.0"
"75",6,"Kyle Pitts",ATL,"6.2","0.0","0.0","2.8","35.6","0.2","0.0","0.0","0.0"
"76",6,"James Cook",BUF,"5.7","0.0","0.0","1.2","10.6","0.1","5.4","30.9","0.1"
"77",6,"Isiah Pacheco",KC,"7.6","0.0","0.0","0.8","7.6","0.0","10.0","48.8","0.3"
"78",6,"Dallas Goedert",PHI,"9.5","0.0","0.0","4.6","58.5","0.3","0.0","0.0","0.0"
"79",6,"D'Andre Swift",PHI,"11.9","0.0","0.0","3.4","27.8","0.2","7.1","38.7","0.4"
"80",7,"Jahan Dotson",WAS,"9.4","0.0","0.0","2.9","43.6","0.6","0.2","-0.6","0.0"
"81",7,"Dalvin Cook",NYJ,"12.8","0.0","0.0","2.3","17.4","0.1","15.5","69.0","0.5"
"82",7,"George Pickens",PIT,"8.3","0.0","0.0","3.1","47.1","0.2","0.2","1.4","0.1"
"83",7,"Jordan Addison",MIN,"0","0","0","0","0","0","0","0","0"
"84",7,"Jaxon Smith-Njigba",SEA,"0","0","0","0","0","0","0","0","0"
"85",7,"Deshaun Watson",CLE,"15.1","183.7","1.2","0.0","0.0","0.0","6.0","29.2","0.2"
"86",7,"Gabe Davis",BUF,"9.8","0.0","0.0","3.2","55.7","0.5","0.0","0.0","0.0"
"87",7,"Khalil Herbert",CHI,"8.7","0.0","0.0","0.7","4.4","0.1","9.9","56.2","0.3"
"88",7,"AJ Dillon",GB,"9.0","0.0","0.0","1.6","12.1","0.0","10.9","45.3","0.4"
"89",7,"Antonio Gibson",WAS,"9.5","0.0","0.0","3.1","23.5","0.1","9.9","36.4","0.2"
"90",7,"Treylon Burks",TEN,"6.5","0.0","0.0","3.0","40.4","0.1","0.4","4.3","0.0"
"91",7,"Brian Robinson Jr.",WAS,"9.0","0.0","0.0","0.8","5.0","0.1","17.1","66.4","0.2"
"92",7,"Dak Prescott",DAL,"17.8","238.3","1.9","0.0","0.0","0.0","3.8","15.2","0.1"
"93",7,"Brandin Cooks",DAL,"9.0","0.0","0.0","4.4","53.8","0.2","0.2","0.5","0.0"
"94",7,"Evan Engram",JAC,"8.3","0.0","0.0","4.3","45.1","0.2","0.1","0.8","0.0"
"95",7,"Courtland Sutton",DEN,"8.5","0.0","0.0","4.3","55.3","0.1","0.1","0.3","0.0"
"96",7,"Pat Freiermuth",PIT,"7.8","0.0","0.0","4.2","48.8","0.1","0.0","0.0","0.0"
"97",7,"Tua Tagovailoa",MIA,"18.4","272.9","1.9","0.0","0.0","0.0","1.8","5.4","0.0"
"98",7,"Daniel Jones",NYG,"18.4","200.3","0.9","0.0","0.0","0.0","7.5","44.3","0.4"
"99",7,"Quentin Johnston",LAC,"0","0","0","0","0","0","0","0","0"
"100",7,"David Njoku",CLE,"8.1","0.0","0.0","4.1","44.9","0.3","0.1","-0.6","0.0"
"101",7,"Rashaad Penny",PHI,"10.0","0.0","0.0","0.8","3.2","0.0","11.4","69.2","0.4"
"102",7,"JuJu Smith-Schuster",NE,"9.1","0.0","0.0","4.9","58.3","0.2","0.0","0.0","0.0"
"103",7,"Elijah Moore",CLE,"4.3","0.0","0.0","2.3","27.9","0.1","0.3","0.3","0.0"
"104",7,"Jamaal Williams",NO,"12.9","0.0","0.0","0.7","4.3","0.0","15.4","62.7","1.0"
"105",7,"Samaje Perine",DEN,"7.7","0.0","0.0","2.4","17.9","0.3","5.9","24.6","0.1"
"106",7,"Michael Thomas",NO,"14.4","0.0","0.0","5.3","57.0","1.0","0.0","0.0","0.0"
"107",7,"Kirk Cousins",MIN,"18.0","267.5","1.7","0.0","0.0","0.0","1.8","5.7","0.1"
"108",7,"Zach Charbonnet",SEA,"0","0","0","0","0","0","0","0","0"
"109",7,"Geno Smith",SEA,"18.5","251.9","1.8","0.0","0.0","0.0","4.0","21.5","0.1"
"110",7,"Zay Flowers",BAL,"0","0","0","0","0","0","0","0","0"
"111",8,"Rashod Bateman",BAL,"7.7","0.0","0.0","2.5","47.5","0.3","0.0","0.0","0.0"
"112",8,"Kadarius Toney",KC,"5.5","0.0","0.0","1.8","19.0","0.2","0.8","9.1","0.1"
"113",8,"Jakobi Meyers",LV,"10.5","0.0","0.0","4.8","57.4","0.4","0.1","-0.8","0.0"
"114",8,"Jerick McKinnon",KC,"9.9","0.0","0.0","3.3","30.1","0.5","4.2","17.1","0.1"
"115",8,"Dalton Schultz",HOU,"7.6","0.0","0.0","3.8","38.5","0.3","0.0","0.0","0.0"
"116",8,"Skyy Moore",KC,"2.0","0.0","0.0","1.4","15.6","0.0","0.2","1.5","0.0"
"117",8,"Damien Harris",BUF,"7.5","0.0","0.0","1.5","8.8","0.0","9.6","42.0","0.3"
"118",8,"Aaron Rodgers",NYJ,"14.8","217.4","1.5","0.0","0.0","0.0","2.0","5.5","0.1"
"119",8,"Nico Collins",HOU,"7.9","0.0","0.0","3.7","48.1","0.2","0.0","0.0","0.0"
"120",8,"Elijah Mitchell",SF,"8.4","0.0","0.0","0.6","1.4","0.0","9.0","55.8","0.4"
"121",8,"Anthony Richardson",IND,"0","0","0","0","0","0","0","0","0"
"122",8,"Chigoziem Okonkwo",TEN,"5.1","0.0","0.0","2.0","28.1","0.2","0.2","0.1","0.0"
"123",8,"De'Von Achane",MIA,"0","0","0","0","0","0","0","0","0"
"124",8,"Tyler Higbee",LAR,"7.3","0.0","0.0","4.5","38.8","0.2","0.0","0.0","0.0"
"125",8,"Jared Goff",DET,"17.1","261.1","1.7","0.0","0.0","0.0","1.7","4.3","0.0"
"126",8,"Allen Lazard",NYJ,"9.7","0.0","0.0","4.0","52.5","0.4","0.1","0.0","0.0"
"127",8,"Greg Dulcich",DEN,"7.0","0.0","0.0","3.3","41.1","0.2","0.0","0.0","0.0"
"128",8,"Jeff Wilson Jr.",MIA,"9.2","0.0","0.0","1.4","11.6","0.1","11.0","53.8","0.3"
"129",8,"Tyler Boyd",CIN,"8.6","0.0","0.0","3.5","45.6","0.4","0.0","0.0","0.0"
"130",8,"Russell Wilson",DEN,"15.8","234.9","1.1","0.0","0.0","0.0","3.7","18.5","0.2"
"131",8,"Odell Beckham Jr.",BAL,"0","0","0","0","0","0","0","0","0"
"132",8,"Tyler Allgeier",ATL,"9.5","0.0","0.0","1.0","8.7","0.1","13.1","64.7","0.2"
"133",8,"Raheem Mostert",MIA,"9.6","0.0","0.0","1.9","12.6","0.1","11.3","55.7","0.2"
"134",8,"Romeo Doubs",GB,"6.2","0.0","0.0","3.2","32.7","0.2","0.1","0.8","0.0"
"135",8,"Darnell Mooney",CHI,"7.4","0.0","0.0","3.6","44.8","0.2","0.1","0.2","0.0"
"136",8,"Cole Kmet",CHI,"7.2","0.0","0.0","2.9","32.0","0.4","0.1","0.5","0.0"
"137",8,"Jaylen Warren",PIT,"5.0","0.0","0.0","1.8","13.4","0.0","4.8","23.7","0.1"
"138",8,"Jameson Williams",DET,"2.4","0.0","0.0","0.2","6.8","0.2","0.2","6.7","0.0"
"139",8,"Rondale Moore",ARI,"8.4","0.0","0.0","5.1","51.8","0.1","0.8","-0.6","0.0"
"140",8,"Devin Singletary",HOU,"9.4","0.0","0.0","2.2","16.5","0.1","10.5","48.4","0.3"
"141",8,"Zay Jones",JAC,"9.8","0.0","0.0","5.1","51.4","0.3","0.3","1.1","0.0"
"142",8,"Adam Thielen",CAR,"8.5","0.0","0.0","4.1","42.1","0.4","0.1","0.2","0.0"
"143",8,"Kenneth Gainwell",PHI,"4.5","0.0","0.0","1.4","9.9","0.0","3.1","14.1","0.2"
"144",8,"Gerald Everett",LAC,"7.4","0.0","0.0","3.9","37.0","0.3","0.1","0.0","0.0"
"145",9,"Michael Gallup",DAL,"6.1","0.0","0.0","2.8","30.3","0.3","0.0","0.0","0.0"
"146",9,"Tank Bigsby",JAC,"0","0","0","0","0","0","0","0","0"
"147",9,"DJ Chark Jr.",CAR,"7.6","0.0","0.0","2.7","45.6","0.3","0.0","0.0","0.0"
"148",9,"D'Onta Foreman",CHI,"8.0","0.0","0.0","0.3","1.6","0.0","12.7","57.1","0.3"
"149",9,"Ezekiel Elliott",NE,"11.8","0.0","0.0","1.1","6.1","0.0","15.4","58.4","0.8"
"150",9,"Dalton Kincaid",BUF,"0","0","0","0","0","0","0","0","0"
"151",9,"Derek Carr",NO,"15.5","234.8","1.6","0.0","0.0","0.0","1.6","6.8","0.0"
"152",9,"Matthew Stafford",LAR,"12.9","231.9","1.1","0.0","0.0","0.0","1.4","1.0","0.1"
"153",9,"Donovan Peoples-Jones",CLE,"8.0","0.0","0.0","3.6","49.4","0.2","0.1","0.1","0.0"
"154",9,"Juwan Johnson",NO,"7.1","0.0","0.0","2.6","31.8","0.4","0.0","0.0","0.0"
"155",9,"Kendre Miller",NO,"0","0","0","0","0","0","0","0","0"
"156",9,"Kenny Pickett",PIT,"12.2","184.9","0.5","0.0","0.0","0.0","4.2","18.2","0.2"
"157",9,"Gus Edwards",BAL,"6.6","0.0","0.0","0.0","0.0","0.0","9.7","48.1","0.3"
"158",9,"Chuba Hubbard",CAR,"5.8","0.0","0.0","1.0","12.2","0.0","6.8","33.3","0.1"
"159",9,"Alec Pierce",IND,"5.7","0.0","0.0","2.6","37.1","0.1","0.0","0.0","0.0"
"160",9,"Isaiah Hodgins",NYG,"9.1","0.0","0.0","4.1","43.6","0.4","0.0","0.0","0.0"
"161",9,"Curtis Samuel",WAS,"8.5","0.0","0.0","3.8","38.6","0.2","2.2","11.0","0.1"
"162",9,"K.J. Osborn",MIN,"7.4","0.0","0.0","3.5","38.2","0.3","0.2","0.4","0.0"
"163",9,"Rashid Shaheed",NO,"7.2","0.0","0.0","2.3","40.7","0.2","0.3","4.8","0.1"
"164",9,"Irv Smith Jr.",CIN,"5.3","0.0","0.0","3.1","22.8","0.3","0.0","0.0","0.0"
"165",9,"Roschon Johnson",CHI,"0","0","0","0","0","0","0","0","0"
"166",9,"Sam LaPorta",DET,"0","0","0","0","0","0","0","0","0"
"167",9,"Jerome Ford",CLE,"0.1","0.0","0.0","0.0","0.0","0.0","0.6","0.9","0.0"
"168",9,"Jordan Love",GB,"2.9","48.8","0.3","0.0","0.0","0.0","0.3","-0.3","0.0"
"169",9,"Van Jefferson",LAR,"6.7","0.0","0.0","2.4","36.9","0.3","0.0","0.0","0.0"
"170",9,"Brock Purdy",SF,"12.3","152.7","1.4","0.0","0.0","0.0","2.4","1.4","0.1"
"171",9,"Zamir White",LV,"0.6","0.0","0.0","0.0","0.0","0.0","1.5","6.4","0.0"
"172",9,"Jonathan Mingo",CAR,"0","0","0","0","0","0","0","0","0"
"173",9,"Marquez Valdes-Scantling",KC,"6.0","0.0","0.0","2.5","40.4","0.1","0.1","-0.2","0.0"
"174",9,"Hunter Renfrow",LV,"6.1","0.0","0.0","3.6","33.0","0.2","0.0","0.0","0.0"
"175",10,"Hunter Henry",NE,"5.2","0.0","0.0","2.6","31.8","0.1","0.0","0.0","0.0"
"176",10,"Darius Slayton",NYG,"8.1","0.0","0.0","3.5","55.7","0.2","0.0","0.0","0.0"
"177",10,"Clyde Edwards-Helaire",KC,"9.0","0.0","0.0","1.7","15.1","0.3","7.1","30.2","0.3"
"178",10,"Hayden Hurst",CAR,"5.9","0.0","0.0","3.9","31.4","0.1","0.0","0.0","0.0"
"179",10,"DeVante Parker",NE,"6.7","0.0","0.0","2.4","41.5","0.2","0.0","0.0","0.0"
"180",10,"San Francisco 49ers",SF,"9.6","0.0","0.0","0.0","0.0","0.0","0.0","0.0","0.0"
"181",10,"Mike Gesicki",NE,"4.8","0.0","0.0","1.9","21.3","0.3","0.0","0.0","0.0"
"182",10,"John Metchie III",HOU,"0","0","0","0","0","0","0","0","0"
"183",10,"Dallas Cowboys",DAL,"10.0","0.0","0.0","0.0","0.0","0.0","0.0","0.0","0.0"
"184",10,"Dawson Knox",BUF,"7.4","0.0","0.0","3.2","34.5","0.4","0.0","0.0","0.0"
"185",10,"Bryce Young",CAR,"0","0","0","0","0","0","0","0","0"
"186",10,"Trey McBride",ARI,"3.9","0.0","0.0","2.4","22.1","0.1","0.0","0.0","0.0"
"187",10,"Jayden Reed",GB,"0","0","0","0","0","0","0","0","0"
"188",10,"Cordarrelle Patterson",ATL,"11.1","0.0","0.0","1.6","9.4","0.0","11.1","53.5","0.6"
"189",10,"Rashee Rice",KC,"0","0","0","0","0","0","0","0","0"
"190",10,"Philadelphia Eagles",PHI,"8.9","0.0","0.0","0.0","0.0","0.0","0.0","0.0","0.0"
"191",10,"Buffalo Bills",BUF,"8.9","0.0","0.0","0.0","0.0","0.0","0.0","0.0","0.0"
"192",10,"Parris Campbell",NYG,"6.9","0.0","0.0","3.7","36.6","0.2","0.3","3.4","0.0"
"193",10,"Kyler Murray",ARI,"18.9","215.3","1.3","0.0","0.0","0.0","6.1","38.0","0.3"
"194",10,"Justin Tucker",BAL,"9.6","0.0","0.0","0.0","0.0","0.0","0.0","0.0","0.0"
"195",10,"Chase Claypool",CHI,"5.5","0.0","0.0","3.1","30.1","0.1","0.6","3.9","0.0"
"196",10,"Marvin Mims Jr.",DEN,"0","0","0","0","0","0","0","0","0"
"197",10,"New England Patriots",NE,"10.9","0.0","0.0","0.0","0.0","0.0","0.0","0.0","0.0"
"198",10,"Robert Woods",HOU,"5.2","0.0","0.0","3.1","31.0","0.1","0.0","0.0","0.0"
"199",10,"Ryan Tannehill",TEN,"13.9","211.3","1.1","0.0","0.0","0.0","2.8","8.2","0.2"
"200",10,"Taysom Hill",NO,"8.8","0.0","0.0","0.6","4.8","0.1","6.0","35.9","0.4"
"201",10,"Tyler Bass",BUF,"8.6","0.0","0.0","0.0","0.0","0.0","0.0","0.0","0.0"
"202",10,"New York Jets",NYJ,"6.9","0.0","0.0","0.0","0.0","0.0","0.0","0.0","0.0"
"203",10,"Mecole Hardman Jr.",NYJ,"10.2","0.0","0.0","3.1","37.1","0.5","0.5","3.9","0.3"
"204",10,"Noah Fant",SEA,"5.7","0.0","0.0","2.9","28.6","0.2","0.0","0.0","0.0"
"205",10,"Tyjae Spears",TEN,"0","0","0","0","0","0","0","0","0"
"206",10,"Wan'Dale Robinson",NYG,"6.7","0.0","0.0","3.8","37.8","0.2","0.3","-0.2","0.0"
"207",10,"Jalin Hyatt",NYG,"0","0","0","0","0","0","0","0","0"
"208",10,"Baltimore Ravens",BAL,"7.9","0.0","0.0","0.0","0.0","0.0","0.0","0.0","0.0"
"209",10,"Joshua Kelley",LAC,"4.8","0.0","0.0","1.2","8.4","0.0","5.8","23.9","0.2"
"210",10,"Joshua Palmer",LAC,"8.3","0.0","0.0","4.5","48.1","0.2","0.1","0.3","0.0"
"211",10,"Harrison Butker",KC,"7.8","0.0","0.0","0.0","0.0","0.0","0.0","0.0","0.0"
"212",10,"Allen Robinson II",PIT,"6.8","0.0","0.0","3.3","33.9","0.3","0.0","0.0","0.0"
"213",10,"Denver Broncos",DEN,"6.0","0.0","0.0","0.0","0.0","0.0","0.0","0.0","0.0"
"214",10,"Daniel Carlson",LV,"9.5","0.0","0.0","0.0","0.0","0.0","0.0","0.0","0.0"
"215",10,"Evan McPherson",CIN,"7.8","0.0","0.0","0.0","0.0","0.0","0.0","0.0","0.0"
"216",10,"Tyquan Thornton",NE,"4.6","0.0","0.0","1.8","20.6","0.2","0.3","1.3","0.1"
"217",10,"Kansas City Chiefs",KC,"7.1","0.0","0.0","0.0","0.0","0.0","0.0","0.0","0.0"
"218",10,"Corey Davis",NYJ,"6.3","0.0","0.0","2.5","41.2","0.2","0.0","0.0","0.0"
"219",10,"Michael Carter",NYJ,"6.6","0.0","0.0","2.6","18.0","0.0","7.1","25.1","0.2"
"220",10,"New Orleans Saints",NO,"6.8","0.0","0.0","0.0","0.0","0.0","0.0","0.0","0.0"
"221",10,"Sam Howell",WAS,"19.3","169.0","1.0","0.0","0.0","0.0","5.0","35.0","1.0"
"222",10,"Leonard Fournette",FA,"11.9","0.0","0.0","4.6","32.7","0.2","11.8","41.8","0.2"
"223",10,"C.J. Stroud",HOU,"0","0","0","0","0","0","0","0","0"
"224",10,"Zach Ertz",ARI,"9.2","0.0","0.0","4.7","40.6","0.4","0.0","0.0","0.0"
"225",11,"Josh Downs",IND,"0","0","0","0","0","0","0","0","0"
"226",11,"Pittsburgh Steelers",PIT,"6.3","0.0","0.0","0.0","0.0","0.0","0.0","0.0","0.0"
"227",11,"Jimmy Garoppolo",LV,"15.3","221.5","1.5","0.0","0.0","0.0","2.1","3.0","0.2"
"228",11,"Mac Jones",NE,"12.9","214.1","1.0","0.0","0.0","0.0","3.4","7.3","0.1"
"229",11,"Miami Dolphins",MIA,"6.3","0.0","0.0","0.0","0.0","0.0","0.0","0.0","0.0"
"230",11,"Terrace Marshall Jr.",CAR,"5.3","0.0","0.0","2.2","37.7","0.1","0.0","0.0","0.0"
"231",11,"Kareem Hunt",FA,"6.4","0.0","0.0","2.1","12.4","0.1","7.2","27.5","0.2"
"232",11,"Younghoe Koo",ATL,"8.9","0.0","0.0","0.0","0.0","0.0","0.0","0.0","0.0"
"233",11,"Cincinnati Bengals",CIN,"6.8","0.0","0.0","0.0","0.0","0.0","0.0","0.0","0.0"
"234",11,"Jelani Woods",IND,"5.1","0.0","0.0","2.1","26.0","0.3","0.0","0.0","0.0"
"235",11,"Michael Mayer",LV,"0","0","0","0","0","0","0","0","0"
"236",11,"Jason Sanders",MIA,"7.9","0.0","0.0","0.0","0.0","0.0","0.0","0.0","0.0"
"237",11,"Cleveland Browns",CLE,"6.3","0.0","0.0","0.0","0.0","0.0","0.0","0.0","0.0"
"238",11,"Tampa Bay Buccaneers",TB,"6.1","0.0","0.0","0.0","0.0","0.0","0.0","0.0","0.0"
"239",11,"Washington Commanders",WAS,"6.9","0.0","0.0","0.0","0.0","0.0","0.0","0.0","0.0"
"240",11,"Jason Myers",SEA,"9.4","0.0","0.0","0.0","0.0","0.0","0.0","0.0","0.0"
"241",11,"Chase Edmonds",TB,"5.1","0.0","0.0","1.2","12.1","0.1","5.2","18.8","0.2"
"242",11,"Brandon McManus",JAC,"7.9","0.0","0.0","0.0","0.0","0.0","0.0","0.0","0.0"
"243",11,"Jake Elliott",PHI,"7.6","0.0","0.0","0.0","0.0","0.0","0.0","0.0","0.0"
"244",11,"Chase Brown",CIN,"0","0","0","0","0","0","0","0","0"
"245",11,"Los Angeles Chargers",LAC,"6.2","0.0","0.0","0.0","0.0","0.0","0.0","0.0","0.0"
"246",11,"Green Bay Packers",GB,"6.9","0.0","0.0","0.0","0.0","0.0","0.0","0.0","0.0"
"247",11,"Isaiah Likely",BAL,"5.2","0.0","0.0","2.6","26.6","0.2","0.0","0.0","0.0"
"248",11,"Pierre Strong Jr.",NE,"2.4","0.0","0.0","0.7","4.2","0.0","1.0","10.0","0.1"
"249",11,"Khalil Shakir",BUF,"2.9","0.0","0.0","1.0","16.1","0.1","0.0","0.0","0.0"
"250",11,"Zach Evans",LAR,"0","0","0","0","0","0","0","0","0"
"251",11,"Desmond Ridder",ATL,"9.7","177.0","0.5","0.0","0.0","0.0","4.0","16.0","0.0"
"252",11,"Graham Gano",NYG,"8.5","0.0","0.0","0.0","0.0","0.0","0.0","0.0","0.0"
"253",11,"Cade Otton",TB,"4.5","0.0","0.0","2.6","24.4","0.1","0.0","0.0","0.0"
"254",11,"Matt Gay",IND,"7.8","0.0","0.0","0.0","0.0","0.0","0.0","0.0","0.0"
"255",11,"Josh Reynolds",DET,"7.1","0.0","0.0","3.2","39.9","0.3","0.0","0.0","0.0"
"256",11,"Richie James Jr.",KC,"6.5","0.0","0.0","3.6","35.6","0.3","0.1","0.4","0.0"
"257",11,"Russell Gage",TB,"7.5","0.0","0.0","3.9","32.8","0.4","0.0","0.0","0.0"
"258",11,"Mack Hollins",ATL,"7.4","0.0","0.0","3.4","40.6","0.2","0.2","2.4","0.0"
"259",11,"Kyren Williams",LAR,"3.3","0.0","0.0","1.1","9.5","0.0","4.4","17.4","0.0"
"260",11,"Marvin Jones Jr.",DET,"5.9","0.0","0.0","2.9","33.1","0.2","0.0","0.0","0.0"
"261",11,"Greg Joseph",MIN,"7.8","0.0","0.0","0.0","0.0","0.0","0.0","0.0","0.0"
"262",11,"Indianapolis Colts",IND,"6.8","0.0","0.0","0.0","0.0","0.0","0.0","0.0","0.0"
"263",11,"Jacksonville Jaguars",JAC,"8.2","0.0","0.0","0.0","0.0","0.0","0.0","0.0","0.0"
"264",11,"Greg Zuerlein",NYJ,"8.2","0.0","0.0","0.0","0.0","0.0","0.0","0.0","0.0"
"265",11,"Logan Thomas",WAS,"4.4","0.0","0.0","3.0","24.8","0.1","0.0","0.0","0.0"
"266",11,"Wil Lutz",NO,"6.7","0.0","0.0","0.0","0.0","0.0","0.0","0.0","0.0"
"267",11,"Isaiah Spiller",LAC,"1.4","0.0","0.0","0.6","2.6","0.0","3.6","8.2","0.0"
"268",11,"Kendrick Bourne",NE,"4.4","0.0","0.0","2.2","27.1","0.1","0.4","2.4","0.0"
"269",11,"Jake Ferguson",DAL,"3.5","0.0","0.0","1.7","15.8","0.2","0.0","0.0","0.0"
"270",11,"Carolina Panthers",CAR,"6.9","0.0","0.0","0.0","0.0","0.0","0.0","0.0","0.0"
"271",11,"Luke Musgrave",GB,"0","0","0","0","0","0","0","0","0"
"272",11,"Sterling Shepard",NYG,"9.3","0.0","0.0","4.3","51.3","0.3","0.0","0.0","0.0"
"273",11,"Israel Abanikanda",NYJ,"0","0","0","0","0","0","0","0","0"
"274",11,"Nick Folk",NE,"8.6","0.0","0.0","0.0","0.0","0.0","0.0","0.0","0.0"
"275",11,"Los Angeles Rams",LAR,"6.1","0.0","0.0","0.0","0.0","0.0","0.0","0.0","0.0"
"276",11,"Ty Chandler",MIN,"1.0","0.0","0.0","0.0","0.0","0.0","3.0","10.0","0.0"
"277",11,"Baker Mayfield",TB,"10.8","180.3","0.8","0.0","0.0","0.0","2.6","7.4","0.1"
"278",11,"Tyler Conklin",NYJ,"6.0","0.0","0.0","3.4","32.5","0.2","0.1","0.2","0.0"
"279",12,"Tank Dell",HOU,"0","0","0","0","0","0","0","0","0"
"280",12,"Zack Moss",IND,"4.5","0.0","0.0","0.8","3.0","0.0","7.2","35.1","0.1"
"281",12,"Matt Prater",ARI,"7.6","0.0","0.0","0.0","0.0","0.0","0.0","0.0","0.0"
"282",12,"Seattle Seahawks",SEA,"6.9","0.0","0.0","0.0","0.0","0.0","0.0","0.0","0.0"
"283",12,"Matt Breida",NYG,"2.9","0.0","0.0","1.2","6.9","0.0","3.2","12.9","0.1"
"284",12,"New York Giants",NYG,"6.3","0.0","0.0","0.0","0.0","0.0","0.0","0.0","0.0"
"285",12,"Latavius Murray",BUF,"10.0","0.0","0.0","1.9","9.4","0.0","12.2","54.3","0.4"
"286",12,"Isaiah McKenzie",IND,"6.2","0.0","0.0","2.6","26.4","0.3","0.6","3.4","0.1"
"287",12,"Chris Boswell",PIT,"8.1","0.0","0.0","0.0","0.0","0.0","0.0","0.0","0.0"
"288",12,"Tennessee Titans",TEN,"6.1","0.0","0.0","0.0","0.0","0.0","0.0","0.0","0.0"
"289",12,"Riley Patterson",DET,"8.2","0.0","0.0","0.0","0.0","0.0","0.0","0.0","0.0"
"290",12,"Laviska Shenault Jr.",CAR,"4.6","0.0","0.0","2.1","20.9","0.1","0.7","5.0","0.1"
"291",12,"Quez Watkins",PHI,"4.0","0.0","0.0","1.9","20.8","0.2","0.2","0.1","0.0"
"292",12,"Malik Davis",DAL,"5.2","0.0","0.0","1.0","10.5","0.0","6.3","26.8","0.2"
"293",12,"D'Ernest Johnson",JAC,"0.4","0.0","0.0","0.3","0.7","0.0","0.4","1.7","0.0"
"294",12,"Boston Scott",PHI,"2.9","0.0","0.0","0.3","1.0","0.0","3.6","14.5","0.2"
"295",12,"Deuce Vaughn",DAL,"0","0","0","0","0","0","0","0","0"
"296",12,"Jordan Mason",SF,"2.6","0.0","0.0","0.0","0.0","0.0","3.6","21.5","0.1"
"297",12,"Zonovan Knight",NYJ,"7.5","0.0","0.0","1.9","14.3","0.0","12.1","42.9","0.1"
"298",12,"DeWayne McBride",MIN,"0","0","0","0","0","0","0","0","0"
"299",12,"Evan Hull",IND,"0","0","0","0","0","0","0","0","0"
"300",12,"Detroit Lions",DET,"5.8","0.0","0.0","0.0","0.0","0.0","0.0","0.0","0.0"
"301",12,"JaMycal Hasty",JAC,"4.3","0.0","0.0","1.5","8.6","0.1","3.3","13.9","0.1"
"302",12,"Jake Moody",SF,"0","0","0","0","0","0","0","0","0"
"303",12,"Keaontay Ingram",ARI,"1.5","0.0","0.0","0.4","1.9","0.0","2.5","5.5","0.1"
"304",12,"Dustin Hopkins",LAC,"8.0","0.0","0.0","0.0","0.0","0.0","0.0","0.0","0.0"
"305",12,"Cairo Santos",CHI,"6.5","0.0","0.0","0.0","0.0","0.0","0.0","0.0","0.0"
"306",12,"Cedric Tillman",CLE,"0","0","0","0","0","0","0","0","0"
"307",12,"Sean Tucker",TB,"0","0","0","0","0","0","0","0","0"
"308",12,"Nick Westbrook-Ikhine",TEN,"4.4","0.0","0.0","1.6","24.8","0.2","0.0","0.0","0.0"
"309",12,"Braxton Berrios",MIA,"2.9","0.0","0.0","1.1","8.5","0.0","0.5","5.4","0.1"
"310",12,"Ka'imi Fairbairn",HOU,"7.8","0.0","0.0","0.0","0.0","0.0","0.0","0.0","0.0"
"311",12,"Minnesota Vikings",MIN,"6.2","0.0","0.0","0.0","0.0","0.0","0.0","0.0","0.0"
"312",12,"Puka Nacua",LAR,"0","0","0","0","0","0","0","0","0"
"313",12,"James Robinson",NYG,"7.6","0.0","0.0","1.0","4.6","0.2","10.0","38.6","0.3"
"314",12,"Daniel Bellinger",NYG,"5.5","0.0","0.0","2.7","24.4","0.2","0.1","0.2","0.1"
"315",12,"Devin Duvernay",BAL,"7.0","0.0","0.0","2.6","29.1","0.2","0.9","6.0","0.1"
"316",12,"Ronald Jones II",DAL,"3.1","0.0","0.0","0.2","4.4","0.0","3.4","14.0","0.2"
"317",12,"Chris Evans",CIN,"1.1","0.0","0.0","0.3","3.8","0.1","0.0","0.0","0.0"
"318",12,"Kayshon Boutte",NE,"0","0","0","0","0","0","0","0","0"
"319",12,"Austin Hooper",LV,"4.5","0.0","0.0","2.4","26.1","0.1","0.0","0.0","0.0"
"320",12,"Tyrion Davis-Price",SF,"2.0","0.0","0.0","0.0","0.0","0.0","6.8","19.8","0.0"
"321",12,"Trey Lance",SF,"4.5","64.7","0.0","0.0","0.0","0.0","5.3","22.3","0.0"
"322",12,"Michael Wilson",ARI,"0","0","0","0","0","0","0","0","0"
"323",12,"Hassan Haskins",TEN,"1.5","0.0","0.0","0.8","4.1","0.0","1.8","6.6","0.0"
"324",12,"David Bell",CLE,"2.2","0.0","0.0","1.6","14.3","0.0","0.0","0.0","0.0"
"325",12,"Eric Gray",NYG,"0","0","0","0","0","0","0","0","0"
"326",12,"Michael Badgley",WAS,"9.1","0.0","0.0","0.0","0.0","0.0","0.0","0.0","0.0"
"327",12,"Jacoby Brissett",WAS,"12.5","186.3","0.9","0.0","0.0","0.0","3.5","17.4","0.1"
"328",12,"Justyn Ross",KC,"0.0","0.0","0.0","0.0","0.0","0.0","0.0","0.0","0.0"
"329",12,"Melvin Gordon III",BAL,"7.5","0.0","0.0","2.5","22.3","0.0","9.0","31.8","0.2"
"330",13,"DeeJay Dallas",SEA,"2.6","0.0","0.0","1.1","8.4","0.0","2.3","12.4","0.0"
"331",13,"Greg Dortch",ARI,"5.4","0.0","0.0","3.3","29.2","0.1","0.4","2.8","0.0"
"332",13,"Cade York",CLE,"7.1","0.0","0.0","0.0","0.0","0.0","0.0","0.0","0.0"
"333",13,"Trayveon Williams",CIN,"0.8","0.0","0.0","0.2","3.3","0.0","0.7","3.3","0.0"
"334",13,"Cameron Dicker",LAC,"8.5","0.0","0.0","0.0","0.0","0.0","0.0","0.0","0.0"
"335",13,"Will Levis",TEN,"0","0","0","0","0","0","0","0","0"
"336",13,"Brett Maher",DEN,"9.5","0.0","0.0","0.0","0.0","0.0","0.0","0.0","0.0"
"337",13,"Robert Tonyan",CHI,"5.0","0.0","0.0","3.1","27.6","0.1","0.0","0.0","0.0"
"338",13,"Nelson Agholor",BAL,"4.0","0.0","0.0","2.1","24.1","0.1","0.0","0.0","0.0"
"339",13,"Deon Jackson",IND,"5.8","0.0","0.0","2.5","17.4","0.1","5.7","19.7","0.1"
"340",13,"Luke Schoonmaker",DAL,"0","0","0","0","0","0","0","0","0"
"341",13,"Jonnu Smith",ATL,"3.2","0.0","0.0","2.3","20.4","0.0","0.1","0.4","0.0"
"342",13,"Tutu Atwell",LAR,"4.5","0.0","0.0","1.5","24.8","0.1","0.8","2.8","0.1"
"343",13,"Salvon Ahmed",MIA,"2.0","0.0","0.0","0.1","1.1","0.0","1.7","9.1","0.1"
"344",13,"Arizona Cardinals",ARI,"6.1","0.0","0.0","0.0","0.0","0.0","0.0","0.0","0.0"
"345",13,"Kyle Philips",TEN,"1.9","0.0","0.0","2.0","19.5","0.0","0.0","0.0","0.0"
"346",13,"Robbie Gould",FA,"8.4","0.0","0.0","0.0","0.0","0.0","0.0","0.0","0.0"
"347",13,"KJ Hamler",FA,"3.2","0.0","0.0","1.0","23.6","0.0","0.3","3.3","0.0"
"348",13,"Albert Okwuegbunam",DEN,"3.4","0.0","0.0","1.7","15.8","0.2","0.0","0.0","0.0"
"349",13,"Ryan Succop",FA,"7.8","0.0","0.0","0.0","0.0","0.0","0.0","0.0","0.0"
"350",13,"Eddy Pineiro",CAR,"8.6","0.0","0.0","0.0","0.0","0.0","0.0","0.0","0.0"
"351",13,"Robbie Chosen",MIA,"3.5","0.0","0.0","1.7","23.5","0.1","0.0","0.0","0.0"
"352",13,"Kenyan Drake",IND,"8.0","0.0","0.0","1.4","7.4","0.1","9.1","40.2","0.3"
"353",13,"Deneric Prince",KC,"0","0","0","0","0","0","0","0","0"
"354",13,"Kyle Trask",TB,"0.9","23.0","0.0","0.0","0.0","0.0","0.0","0.0","0.0"
"355",13,"Myles Gaskin",MIA,"3.7","0.0","0.0","2.0","14.0","0.0","5.0","13.0","0.0"
"356",13,"Deonte Harty",BUF,"0.1","0.0","0.0","0.5","3.3","0.0","0.0","0.0","0.0"
"357",13,"Foster Moreau",NO,"4.9","0.0","0.0","2.4","30.0","0.1","0.0","0.1","0.0"
"358",13,"Colt McCoy",ARI,"8.9","195.0","0.3","0.0","0.0","0.0","3.5","9.0","0.0"
"359",13,"Jauan Jennings",SF,"4.1","0.0","0.0","2.2","26.0","0.1","0.0","0.0","0.0"
"360",13,"J.D. McKissic",FA,"4.7","0.0","0.0","3.0","19.2","0.0","2.4","10.6","0.0"
"361",13,"Darnell Washington",PIT,"0","0","0","0","0","0","0","0","0"
"362",13,"Adam Trautman",DEN,"2.7","0.0","0.0","1.4","15.9","0.1","0.0","0.0","0.0"
"363",13,"Ke'Shawn Vaughn",TB,"1.0","0.0","0.0","0.3","2.1","0.0","1.9","5.9","0.0"
"364",13,"Ben Skowronek",LAR,"4.6","0.0","0.0","2.8","26.9","0.0","0.1","1.2","0.1"
"365",13,"Noah Brown",HOU,"5.8","0.0","0.0","2.7","34.7","0.2","0.0","0.0","0.0"
"366",13,"Tucker Kraft",GB,"0","0","0","0","0","0","0","0","0"
"367",13,"Noah Gray",KC,"3.3","0.0","0.0","1.6","17.6","0.1","0.1","0.1","0.1"
"368",13,"Kenny McIntosh",SEA,"0","0","0","0","0","0","0","0","0"
"369",13,"Will Dissly",SEA,"4.7","0.0","0.0","2.3","23.3","0.2","0.0","0.0","0.0"
"370",13,"Donald Parham Jr.",LAC,"4.0","0.0","0.0","1.7","21.7","0.2","0.0","0.0","0.0"
"371",13,"Tristan Vizcaino",FA,"3.3","0.0","0.0","0.0","0.0","0.0","0.0","0.0","0.0"
"372",13,"Xavier Hutchinson",HOU,"0","0","0","0","0","0","0","0","0"
"373",13,"Rodrigo Blankenship",TB,"6.3","0.0","0.0","0.0","0.0","0.0","0.0","0.0","0.0"
"374",13,"Gardner Minshew II",IND,"8.0","132.6","0.6","0.0","0.0","0.0","1.4","0.6","0.2"
"375",13,"A.T. Perry",NO,"0","0","0","0","0","0","0","0","0"
"376",13,"Ameer Abdullah",LV,"2.6","0.0","0.0","1.6","13.2","0.1","0.3","1.3","0.0"
"377",13,"Mason Crosby",FA,"7.1","0.0","0.0","0.0","0.0","0.0","0.0","0.0","0.0"
"378",13,"Chicago Bears",CHI,"3.6","0.0","0.0","0.0","0.0","0.0","0.0","0.0","0.0"
"379",13,"Chris Rodriguez Jr.",WAS,"0","0","0","0","0","0","0","0","0"
"380",13,"Houston Texans",HOU,"6.8","0.0","0.0","0.0","0.0","0.0","0.0","0.0","0.0"
"381",13,"Jamison Crowder",NYG,"2.3","0.0","0.0","1.5","15.0","0.0","0.0","0.0","0.0"
"382",13,"Olamide Zaccheaus",PHI,"5.3","0.0","0.0","2.4","31.4","0.2","0.1","0.4","0.0"
"383",13,"Durham Smythe",MIA,"2.5","0.0","0.0","1.2","9.9","0.1","0.2","0.1","0.1"
"384",13,"Atlanta Falcons",ATL,"5.2","0.0","0.0","0.0","0.0","0.0","0.0","0.0","0.0"
"385",13,"Ty Montgomery",NE,"8.8","0.0","0.0","3.0","15.0","1.0","2.0","-2.0","0.0"
"386",13,"Calvin Austin III",PIT,"0","0","0","0","0","0","0","0","0"
"387",13,"Raheem Blackshear",CAR,"2.9","0.0","0.0","0.8","7.2","0.0","1.8","5.9","0.2"
"388",13,"Tyler Scott",CHI,"0","0","0","0","0","0","0","0","0"
"389",13,"C.J. Uzomah",NYJ,"3.3","0.0","0.0","1.5","16.6","0.1","0.0","0.0","0.0"
"390",13,"Kene Nwangwu",MIN,"0.8","0.0","0.0","0.1","1.5","0.0","0.6","1.0","0.0"
"391",13,"Kalif Raymond",DET,"5.5","0.0","0.0","2.8","36.2","0.0","0.4","2.1","0.0"
"392",13,"Brevin Jordan",HOU,"2.2","0.0","0.0","1.6","14.2","0.0","0.0","0.0","0.0"
"393",14,"Cedrick Wilson Jr.",MIA,"1.6","0.0","0.0","0.9","10.5","0.0","0.1","0.6","0.0"
"394",14,"Kevin Harris",NE,"2.2","0.0","0.0","0.0","0.0","0.0","3.6","10.4","0.2"
"395",14,"Marquez Callaway",DEN,"3.0","0.0","0.0","1.6","15.8","0.1","0.0","0.0","0.0"
"396",14,"Trent Sherfield",BUF,"4.3","0.0","0.0","1.9","26.1","0.1","0.0","0.0","0.0"
"397",14,"Jalen Tolbert",DAL,"0.7","0.0","0.0","0.7","4.0","0.0","0.0","0.0","0.0"
"398",14,"Randall Cobb",NYJ,"5.0","0.0","0.0","2.6","32.1","0.1","0.0","0.0","0.0"
"399",14,"Sam Darnold",SF,"14.9","190.5","1.2","0.0","0.0","0.0","4.3","17.7","0.3"
"400",14,"Dontrell Hilliard",FA,"5.6","0.0","0.0","1.8","14.8","0.3","1.8","12.1","0.0"
"401",14,"Mo Alie-Cox",IND,"3.2","0.0","0.0","1.4","13.5","0.2","0.0","0.0","0.0"
"402",14,"Jarvis Landry",FA,"5.3","0.0","0.0","2.8","30.2","0.1","0.0","0.0","0.0"
"403",14,"Julio Jones",FA,"5.8","0.0","0.0","2.4","29.9","0.2","0.5","4.5","0.0"
"404",14,"Darrell Henderson Jr.",FA,"6.5","0.0","0.0","1.7","10.2","0.0","7.0","28.3","0.3"
"405",14,"Harrison Bryant",CLE,"3.3","0.0","0.0","2.2","17.1","0.1","0.1","0.6","0.0"
"406",14,"Demarcus Robinson",LAR,"5.0","0.0","0.0","3.0","28.6","0.1","0.0","0.0","0.0"
"407",14,"Corey Clement",ARI,"3.9","0.0","0.0","1.0","10.8","0.0","3.0","11.0","0.2"
"408",14,"Chris Moore",TEN,"6.1","0.0","0.0","3.2","36.5","0.1","0.2","0.2","0.0"
"409",14,"Chad Ryland",NE,"0","0","0","0","0","0","0","0","0"
"410",14,"Craig Reynolds",DET,"3.8","0.0","0.0","1.3","16.6","0.0","3.3","14.6","0.0"
"411",14,"Joey Slye",WAS,"6.8","0.0","0.0","0.0","0.0","0.0","0.0","0.0","0.0"
"412",14,"Dyami Brown",WAS,"3.4","0.0","0.0","0.6","15.9","0.2","0.1","1.7","0.0"
"413",14,"Darrel Williams",NO,"3.8","0.0","0.0","0.8","1.8","0.0","4.2","20.4","0.2"
"414",14,"Justice Hill",BAL,"2.4","0.0","0.0","0.8","3.9","0.0","3.3","17.5","0.0"
"415",14,"Jamal Agnew",JAC,"4.1","0.0","0.0","1.5","12.5","0.2","0.8","5.7","0.0"
"416",14,"Taylor Heinicke",ATL,"13.6","206.6","1.3","0.0","0.0","0.0","3.1","10.7","0.1"
"417",14,"Cole Turner",WAS,"0.5","0.0","0.0","0.3","3.3","0.0","0.0","0.0","0.0"
"418",14,"Brandon Aubrey",DAL,"0","0","0","0","0","0","0","0","0"
"419",14,"Demario Douglas",NE,"0","0","0","0","0","0","0","0","0"
"420",14,"Jameis Winston",NO,"16.3","286.0","1.3","0.0","0.0","0.0","1.7","5.3","0.0"
"421",14,"Justin Watson",KC,"3.0","0.0","0.0","0.9","18.5","0.1","0.0","0.0","0.0"
"422",14,"Kylen Granson",IND,"3.5","0.0","0.0","2.4","23.2","0.0","0.1","0.0","0.0"
"423",14,"Bailey Zappe",NE,"10.5","195.3","1.3","0.0","0.0","0.0","2.5","0.0","0.0"
"424",14,"Rico Dowdle",DAL,"0.0","0.0","0.0","0.0","0.0","0.0","0.0","0.0","0.0"
"425",14,"Las Vegas Raiders",LV,"4.5","0.0","0.0","0.0","0.0","0.0","0.0","0.0","0.0"
"426",14,"Trey Palmer",TB,"0","0","0","0","0","0","0","0","0"
"427",14,"Scott Miller",ATL,"2.6","0.0","0.0","1.9","15.4","0.0","0.1","0.7","0.0"
"428",14,"Chase McLaughlin",TB,"8.6","0.0","0.0","0.0","0.0","0.0","0.0","0.0","0.0"
"429",14,"Anders Carlson",GB,"0","0","0","0","0","0","0","0","0"
"430",14,"Trenton Irwin",CIN,"6.2","0.0","0.0","1.7","25.7","0.4","0.1","1.2","0.0"
"431",14,"Jeremy Ruckert",NYJ,"0.7","0.0","0.0","0.5","4.0","0.0","0.0","0.0","0.0"
"432",14,"Parker Washington",JAC,"0","0","0","0","0","0","0","0","0"
"433",14,"Mike White",MIA,"15.2","298.0","0.8","0.0","0.0","0.0","1.5","2.3","0.3"
"434",14,"Zach Pascal",ARI,"1.9","0.0","0.0","1.0","10.0","0.1","0.1","0.0","0.0"
"435",14,"Denzel Mims",DET,"2.7","0.0","0.0","1.2","20.7","0.0","0.0","0.0","0.0"
"436",14,"Peyton Hendershot",DAL,"2.8","0.0","0.0","0.9","8.6","0.2","0.1","0.2","0.1"
"437",14,"Samori Toure",GB,"4.2","0.0","0.0","1.3","20.5","0.3","0.0","0.0","0.0"
"438",14,"Mark Ingram II",FA,"4.2","0.0","0.0","1.6","6.8","0.0","6.2","23.3","0.1"
"439",14,"Tanner Brown",LAR,"0","0","0","0","0","0","0","0","0"
"440",14,"Jordan Akins",CLE,"6.5","0.0","0.0","2.5","33.0","0.3","0.0","0.0","0.0"
"441",14,"Brock Wright",DET,"3.9","0.0","0.0","1.3","15.4","0.3","0.0","0.0","0.0"
"442",14,"Caleb Shudak",TEN,"10.0","0.0","0.0","0.0","0.0","0.0","0.0","0.0","0.0"
"443",14,"Kenny Golladay",FA,"2.9","0.0","0.0","1.0","13.5","0.2","0.0","0.0","0.0"
"444",14,"Rex Burkhead",FA,"3.5","0.0","0.0","2.5","13.6","0.1","1.7","5.3","0.0"
"445",14,"Tre'Quan Smith",NO,"4.3","0.0","0.0","1.9","27.8","0.1","0.0","0.0","0.0"
"446",14,"Charlie Jones",CIN,"0","0","0","0","0","0","0","0","0"
"447",14,"Kyle Juszczyk",SF,"3.4","0.0","0.0","1.5","15.4","0.1","0.5","2.0","0.1"
"448",14,"Brenton Strange",JAC,"0","0","0","0","0","0","0","0","0"
"449",14,"Mike Boone",HOU,"3.0","0.0","0.0","1.1","12.0","0.0","3.0","12.8","0.0"
"450",14,"Elijah Higgins",MIA,"0","0","0","0","0","0","0","0","0"
"451",14,"Tyler Huntley",BAL,"10.6","131.6","0.4","0.0","0.0","0.0","8.6","27.4","0.2"
"452",14,"Colby Parkinson",SEA,"4.0","0.0","0.0","1.8","23.0","0.1","0.0","0.0","0.0"
"453",14,"Brandon Bolden",LV,"2.0","0.0","0.0","0.8","5.2","0.1","1.4","5.5","0.0"
"454",14,"Ty Johnson",FA,"3.1","0.0","0.0","1.0","7.3","0.0","2.5","13.3","0.1"
"455",15,"Josh Oliver",MIN,"2.8","0.0","0.0","1.2","12.4","0.2","0.0","0.0","0.0"
"456",15,"Tre Tucker",LV,"0","0","0","0","0","0","0","0","0"
"457",15,"Jalen Guyton",LAC,"3.7","0.0","0.0","1.0","32.0","0.0","0.0","0.0","0.0"
"458",15,"Tyler Badie",DEN,"8.9","0.0","0.0","1.0","24.0","1.0","1.0","0.0","0.0"
"459",15,"Jalen Nailor",MIN,"3.5","0.0","0.0","1.1","22.4","0.1","0.0","0.0","0.0"
"460",15,"Hunter Long",LAR,"0.0","0.0","0.0","0.0","0.0","0.0","0.0","0.0","0.0"
"461",15,"DeAndre Carter",LV,"5.3","0.0","0.0","2.7","31.6","0.2","0.1","-0.9","0.0"
"462",15,"Demetric Felton Jr.",CLE,"0.2","0.0","0.0","0.3","1.3","0.0","0.2","-0.7","0.0"
"463",15,"Travis Homer",CHI,"2.9","0.0","0.0","1.3","13.1","0.1","1.6","6.2","0.0"
"464",15,"Randy Bullock",FA,"5.4","0.0","0.0","0.0","0.0","0.0","0.0","0.0","0.0"
"465",15,"Andrei Iosivas",CIN,"0","0","0","0","0","0","0","0","0"
"466",15,"Keaton Mitchell",BAL,"0","0","0","0","0","0","0","0","0"
"467",15,"Velus Jones Jr.",CHI,"2.8","0.0","0.0","0.6","9.7","0.1","0.8","9.4","0.1"
"468",15,"Danny Gray",SF,"0.3","0.0","0.0","0.1","1.4","0.0","0.1","1.3","0.0"
"469",15,"Tommy Tremble",CAR,"2.9","0.0","0.0","1.3","11.6","0.2","0.0","0.0","0.0"
"470",15,"Zack Kuntz",NYJ,"0","0","0","0","0","0","0","0","0"
"471",15,"Clayton Tune",ARI,"0","0","0","0","0","0","0","0","0"
"472",15,"Trey Sermon",PHI,"1.9","0.0","0.0","0.0","0.0","0.0","2.0","19.0","0.0"
"473",15,"James Mitchell",DET,"2.9","0.0","0.0","1.4","14.1","0.1","0.0","0.0","0.0"
"474",15,"KhaDarel Hodge",ATL,"2.7","0.0","0.0","1.0","15.5","0.1","0.0","0.0","0.0"
"475",15,"Equanimeous St. Brown",CHI,"3.4","0.0","0.0","1.3","20.2","0.1","0.4","3.4","0.0"
"476",15,"Zach Wilson",NYJ,"11.7","187.6","0.7","0.0","0.0","0.0","3.1","11.3","0.1"
"477",15,"Justin Shorter",BUF,"0","0","0","0","0","0","0","0","0"
"478",15,"Tony Jones Jr.",DEN,"2.6","0.0","0.0","1.7","10.0","0.0","3.3","8.0","0.0"
"479",15,"Malik Willis",TEN,"3.2","39.4","0.0","0.0","0.0","0.0","3.9","17.6","0.1"
"480",15,"O.J. Howard",FA,"2.9","0.0","0.0","0.9","13.2","0.2","0.0","0.0","0.0"
"481",15,"Carson Wentz",FA,"15.2","219.4","1.4","0.0","0.0","0.0","2.8","10.8","0.1"
"482",15,"Ian Thomas",CAR,"2.2","0.0","0.0","1.5","14.1","0.0","0.0","0.0","0.0"
"483",15,"Zane Gonzalez",SF,"0","0","0","0","0","0","0","0","0"
"484",15,"Eric Saubert",MIA,"2.0","0.0","0.0","1.1","10.6","0.1","0.0","0.0","0.0"
"485",15,"Brian Hoyer",LV,"1.5","37.0","0.0","0.0","0.0","0.0","0.0","0.0","0.0"
"486",15,"Dontayvion Wicks",GB,"0","0","0","0","0","0","0","0","0"
"487",15,"John Bates",WAS,"2.4","0.0","0.0","1.4","10.8","0.1","0.0","0.0","0.0"
"488",15,"Tyler Davis",FA,"0","0","0","0","0","0","0","0","0"
"489",15,"Ashton Dulin",IND,"3.5","0.0","0.0","1.5","20.7","0.1","0.2","0.8","0.0"
"490",15,"Julius Chestnut",TEN,"1.1","0.0","0.0","0.5","6.8","0.0","1.5","2.0","0.0"
"491",15,"Erik Ezukanma",MIA,"0.8","0.0","0.0","1.0","3.0","0.0","0.0","0.0","0.0"
"492",15,"Damien Williams",LV,"0.2","0.0","0.0","0.0","0.0","0.0","2.0","2.0","0.0"
"493",15,"Mohamed Ibrahim",DET,"0","0","0","0","0","0","0","0","0"
"494",15,"Anthony McFarland Jr.",PIT,"5.1","0.0","0.0","2.0","11.0","0.0","6.0","30.0","0.0"
"495",15,"Jarrett Stidham",DEN,"15.2","218.7","1.3","0.0","0.0","0.0","4.7","28.0","0.0"
"496",15,"Andy Dalton",CAR,"13.1","205.1","1.3","0.0","0.0","0.0","2.1","3.9","0.0"
"497",15,"Marquise Goodwin",CLE,"5.9","0.0","0.0","2.1","29.8","0.3","0.2","0.4","0.0"
"498",15,"Dan Arnold",PHI,"1.6","0.0","0.0","0.8","12.3","0.0","0.0","0.0","0.0"
"499",15,"Shi Smith",CAR,"3.0","0.0","0.0","1.3","17.4","0.1","0.0","0.0","0.0"
"500",15,"Grant Calcaterra",PHI,"1.8","0.0","0.0","0.8","13.5","0.0","0.0","0.0","0.0"
"501",15,"Josiah Deguara",GB,"2.0","0.0","0.0","1.4","12.7","0.0","0.0","0.0","0.0"
"502",15,"Trestan Ebner",CHI,"0.5","0.0","0.0","0.2","0.7","0.0","2.2","4.9","0.0"
"503",15,"Jalen Reagor",MIN,"1.3","0.0","0.0","0.5","6.1","0.1","0.2","1.5","0.0"
"504",15,"Teagan Quitoriano",HOU,"3.8","0.0","0.0","1.0","16.1","0.3","0.0","0.0","0.0"
"505",15,"Charlie Kolar",BAL,"6.9","0.0","0.0","4.0","49.0","0.0","0.0","0.0","0.0"
"506",15,"Ronnie Rivers",LAR,"3.8","0.0","0.0","2.5","14.5","0.0","4.5","10.5","0.0"
"507",15,"Alec Ingold",MIA,"2.6","0.0","0.0","1.3","8.8","0.1","0.5","0.7","0.1"
"508",15,"David Moore",TB,"0","0","0","0","0","0","0","0","0"
"509",15,"Jaleel McLaughlin",DEN,"0","0","0","0","0","0","0","0","0"
"510",15,"Elliott Fry",FA,"0","0","0","0","0","0","0","0","0"
"511",15,"Ross Dwelley",SF,"3.6","0.0","0.0","0.6","21.0","0.2","0.0","0.0","0.0"
"512",15,"Ray-Ray McCloud III",SF,"3.0","0.0","0.0","0.8","14.3","0.1","0.2","4.6","0.1"
"513",15,"Josh Whyle",TEN,"0","0","0","0","0","0","0","0","0"
"514",15,"Jack Stoll",PHI,"1.8","0.0","0.0","1.1","12.3","0.0","0.0","0.0","0.0"
"515",15,"Marcus Mariota",PHI,"15.8","170.7","1.2","0.0","0.0","0.0","6.5","33.7","0.3"
"516",15,"Caleb Huntley",FA,"3.7","0.0","0.0","0.2","0.3","0.0","6.3","30.5","0.1"
"517",15,"Drew Sample",CIN,"0.4","0.0","0.0","1.0","-1.0","0.0","0.0","0.0","0.0"
"518",15,"Tiyon Evans",FA,"0","0","0","0","0","0","0","0","0"
"519",15,"Hendon Hooker",DET,"0","0","0","0","0","0","0","0","0"
"520",15,"Derius Davis",LAC,"0","0","0","0","0","0","0","0","0"
"521",15,"Jesper Horsted",LV,"0.7","0.0","0.0","0.6","3.8","0.0","0.0","0.0","0.0"
"522",15,"Jody Fortson",KC,"2.5","0.0","0.0","0.9","10.8","0.2","0.0","0.0","0.0"
"523",15,"Dare Ogunbowale",HOU,"2.6","0.0","0.0","1.3","6.9","0.0","2.8","8.2","0.1"
"524",15,"Tre' McKitty",LAC,"0.9","0.0","0.0","0.8","5.5","0.0","0.0","0.0","0.0"
"525",15,"Quintin Morris",BUF,"1.8","0.0","0.0","0.9","9.3","0.1","0.0","0.0","0.0"
"526",15,"Cameron Latu",SF,"0","0","0","0","0","0","0","0","0"
"527",15,"Jimmy Graham",NO,"0","0","0","0","0","0","0","0","0"
"528",15,"Aidan O'Connell",LV,"0","0","0","0","0","0","0","0","0"
"529",15,"Elijah Dotson",LAC,"0","0","0","0","0","0","0","0","0"
"530",15,"Johnny Mundt",MIN,"2.3","0.0","0.0","1.5","10.8","0.1","0.0","0.0","0.0"
"531",15,"Snoop Conner",JAC,"2.0","0.0","0.0","0.0","0.0","0.0","2.4","8.4","0.2"
"532",15,"Giovanni Ricci",CAR,"1.3","0.0","0.0","0.7","9.1","0.0","0.0","0.0","0.0"
"533",15,"Zach Gentry",PIT,"1.6","0.0","0.0","1.4","9.4","0.0","0.0","0.0","0.0"
"534",15,"Brittain Brown",LV,"0.0","0.0","0.0","0.0","0.0","0.0","0.0","0.0","0.0"
"535",15,"Brycen Hopkins",LAR,"2.1","0.0","0.0","1.0","15.6","0.0","0.0","0.0","0.0"
"536",15,"Gary Brightwell",NYG,"1.8","0.0","0.0","0.3","2.6","0.0","2.1","9.4","0.1"
"537",15,"Byron Pringle",WAS,"3.0","0.0","0.0","1.0","13.5","0.2","0.0","0.0","0.0"
"538",15,"Anthony Schwartz",CLE,"2.4","0.0","0.0","0.6","7.3","0.0","0.6","8.1","0.1"
"539",15,"Lew Nichols III",GB,"0","0","0","0","0","0","0","0","0"
"540",15,"Brandon Powell",MIN,"2.1","0.0","0.0","1.4","9.2","0.0","1.0","4.7","0.0"
"541",15,"Kendric Pryor",JAC,"0","0","0","0","0","0","0","0","0"
"542",15,"Will Mallory",IND,"0","0","0","0","0","0","0","0","0"
"543",15,"Chris Manhertz",DEN,"0.9","0.0","0.0","0.8","5.3","0.0","0.0","0.0","0.0"
"544",15,"Bryce Ford-Wheaton",NYG,"0","0","0","0","0","0","0","0","0"
"545",15,"Dante Pettis",CHI,"3.3","0.0","0.0","1.1","14.4","0.2","0.1","2.2","0.0"
"546",15,"Dee Eskridge",SEA,"1.1","0.0","0.0","0.8","6.4","0.0","0.2","1.1","0.0"
"547",15,"Tylan Wallace",BAL,"0.9","0.0","0.0","0.7","5.5","0.0","0.0","0.0","0.0"
"548",15,"Cam Sims",LV,"1.0","0.0","0.0","0.6","6.8","0.0","0.0","0.0","0.0"
"549",15,"Shane Zylstra",DET,"3.9","0.0","0.0","1.2","6.7","0.4","0.0","0.0","0.0"
"550",15,"Amari Rodgers",IND,"2.1","0.0","0.0","1.1","13.6","0.1","0.1","0.5","0.0"
"551",15,"Parker Hesse",ATL,"1.1","0.0","0.0","0.8","7.4","0.0","0.0","0.0","0.0"
"552",16,"Malik Cunningham",NE,"0","0","0","0","0","0","0","0","0"
"553",16,"Bryan Edwards",NO,"0.8","0.0","0.0","0.8","3.8","0.0","0.0","0.0","0.0"
"554",16,"David Sills V",NYG,"2.3","0.0","0.0","1.6","15.1","0.0","0.0","0.0","0.0"
"555",16,"Phillip Dorsett II",LV,"2.8","0.0","0.0","1.3","17.1","0.1","0.0","0.0","0.0"
"556",16,"Davis Mills",HOU,"13.1","207.9","1.1","0.0","0.0","0.0","2.1","7.2","0.1"
"557",16,"Connor Heyward",PIT,"2.0","0.0","0.0","0.8","10.1","0.1","0.1","1.8","0.0"
"558",16,"Sammy Watkins",FA,"4.3","0.0","0.0","1.8","36.1","0.0","0.0","0.0","0.0"
"559",16,"Cameron Brate",FA,"3.0","0.0","0.0","2.2","19.3","0.0","0.0","0.0","0.0"
"560",16,"Montrell Washington",DEN,"0.2","0.0","0.0","0.3","0.1","0.0","0.3","2.0","0.0"
"561",16,"T.Y. Hilton",FA,"5.2","0.0","0.0","2.3","40.3","0.0","0.0","0.0","0.0"
"562",16,"Andrew Beck",HOU,"1.0","0.0","0.0","0.6","7.7","0.0","0.2","0.0","0.0"
"563",16,"Payne Durham",TB,"0","0","0","0","0","0","0","0","0"
"564",16,"Juwann Winfree",IND,"0.7","0.0","0.0","0.3","5.7","0.0","0.0","0.0","0.0"
"565",16,"Chris Myarick",NYG,"1.6","0.0","0.0","0.7","6.5","0.1","0.0","0.0","0.0"
"566",16,"Dax Milne",WAS,"0.8","0.0","0.0","0.4","2.5","0.1","0.0","0.0","0.0"
"567",16,"Tyler Kroft",MIA,"1.3","0.0","0.0","0.7","9.5","0.0","0.0","0.0","0.0"
"568",16,"James Proche II",BAL,"0.8","0.0","0.0","0.7","5.2","0.0","0.0","0.0","0.0"
"569",16,"Tommy Sweeney",NYG,"0.6","0.0","0.0","0.5","3.5","0.0","0.0","0.0","0.0"
"570",16,"Kendall Hinton",DEN,"4.0","0.0","0.0","2.2","28.3","0.0","0.2","1.2","0.0"
"571",16,"Stetson Bennett",LAR,"0","0","0","0","0","0","0","0","0"
"572",16,"Teddy Bridgewater",DET,"8.4","136.6","0.8","0.0","0.0","0.0","0.6","5.4","0.0"
"573",16,"Tim Jones",JAC,"0.6","0.0","0.0","0.4","4.3","0.0","0.0","0.0","0.0"
"574",16,"KaVontae Turpin",DAL,"-0.1","0.0","0.0","0.1","0.5","0.0","0.2","1.0","0.0"
"575",16,"Mike Davis",FA,"0.6","0.0","0.0","0.4","0.8","0.0","1.6","3.6","0.0"
"576",16,"Marcus Johnson",FA,"1.8","0.0","0.0","1.1","12.4","0.0","0.0","0.0","0.0"
"577",16,"Dorian Thompson-Robinson",CLE,"0","0","0","0","0","0","0","0","0"
"578",16,"Matt Ryan",FA,"14.0","254.8","1.2","0.0","0.0","0.0","2.3","5.8","0.1"
"579",16,"Drew Lock",SEA,"0","0","0","0","0","0","0","0","0"
"580",16,"Miles Boykin",PIT,"0.2","0.0","0.0","0.2","1.1","0.0","0.0","0.0","0.0"
"581",16,"Geoff Swaim",ARI,"1.5","0.0","0.0","1.0","4.8","0.1","0.0","0.0","0.0"
"582",16,"Davis Allen",LAR,"0","0","0","0","0","0","0","0","0"
"583",16,"Mitchell Wilcox",CIN,"3.2","0.0","0.0","1.9","15.4","0.1","0.0","0.0","0.0"
"584",16,"Jason Moore Jr.",FA,"1.0","0.0","0.0","1.0","5.0","0.0","0.0","0.0","0.0"
"585",16,"Malcolm Brown",FA,"2.9","0.0","0.0","0.7","5.3","0.0","2.6","11.6","0.1"
"586",16,"Mitch Trubisky",PIT,"11.3","178.9","0.6","0.0","0.0","0.0","2.7","5.4","0.3"
"587",16,"Cooper Rush",DAL,"7.5","131.4","0.6","0.0","0.0","0.0","1.1","0.8","0.0"
"588",16,"River Cracraft",MIA,"3.3","0.0","0.0","1.1","12.8","0.3","0.0","0.0","0.0"
"589",16,"Case Keenum",HOU,"0.1","4.0","0.0","0.0","0.0","0.0","2.5","0.0","0.0"
"590",16,"Tyrod Taylor",NYG,"4.1","19.3","0.3","0.0","0.0","0.0","1.7","23.3","0.0"
"591",16,"Tanner Hudson",CIN,"3.0","0.0","0.0","1.7","22.0","0.0","0.0","0.0","0.0"
"592",16,"Tom Kennedy",FA,"2.6","0.0","0.0","1.1","20.1","0.0","0.0","0.0","0.0"
"593",16,"MyCole Pruitt",ATL,"4.7","0.0","0.0","1.6","15.0","0.4","0.0","0.0","0.0"
"594",16,"Blake Proehl",MIN,"0","0","0","0","0","0","0","0","0"
"595",16,"Avery Williams",ATL,"1.5","0.0","0.0","0.8","3.6","0.0","1.3","6.4","0.1"
"596",16,"Pharaoh Brown",IND,"2.0","0.0","0.0","1.3","13.0","0.0","0.0","0.0","0.0"
"597",16,"Cody Hollister",FA,"1.2","0.0","0.0","0.5","9.0","0.0","0.0","0.0","0.0"
"598",16,"Mike Strachan",IND,"1.2","0.0","0.0","0.5","9.8","0.0","0.0","0.0","0.0"
"599",16,"Devin Asiasi",CIN,"0.3","0.0","0.0","0.4","1.0","0.0","0.0","0.0","0.0"
"600",16,"Nick Boyle",FA,"0.0","0.0","0.0","0.0","0.0","0.0","0.0","0.0","0.0"
"601",16,"Armani Rogers",WAS,"1.3","0.0","0.0","0.6","7.1","0.0","0.2","2.9","0.0"
"602",16,"Kendall Blanton",KC,"2.3","0.0","0.0","1.0","17.5","0.0","0.0","0.0","0.0"
"603",16,"Jeff Smith",FA,"2.5","0.0","0.0","1.1","19.1","0.0","0.0","0.0","0.0"
"604",16,"Michael Bandy",DEN,"1.7","0.0","0.0","1.3","11.1","0.0","0.0","0.0","0.0"
"605",16,"Rashard Higgins",FA,"0.0","0.0","0.0","0.0","0.0","0.0","0.0","0.0","0.0"
"606",16,"Breshad Perriman",IND,"2.4","0.0","0.0","1.1","13.8","0.1","0.3","-0.9","0.0"
"607",16,"Patrick Ricard",BAL,"1.1","0.0","0.0","0.8","5.7","0.0","0.5","1.2","0.0"
"608",16,"Zander Horvath",LAC,"2.0","0.0","0.0","0.6","1.0","0.3","0.5","1.0","0.0"
"609",16,"Tevin Coleman",FA,"6.8","0.0","0.0","1.0","14.7","0.3","4.0","8.7","0.3"